Word,Translation,Frequency,English frequency
absent,ਉਦਾਸ,2240,202
absolved,ਬਰੀ,929,11
abusive,ਅਪਮਾਨਜਨਕ,303,120
academic,ਅਕਾਦਮਿਕ,677,914
accredited,ਨਿਯੁਕਤ,2480,246
accustomed,ਅਭਿਆਸੀ,39,97
active,ਕਿਰਿਆਸ਼ੀਲ,36,4545
administrative,ਪ੍ਰਸ਼ਾਸਨਿਕ,412,845
admired,ਪ੍ਰਸੰਸਾਯੋਗ,18,135
adored,ਪੂਜਣਯੋਗ,12,98
adventurous,ਸਾਹਸਿਕ,37,64
advertised,ਇਸ਼ਤਿਹਾਰੀ,23,57
aerial,ਹਵਾਈ,8311,156
aesthetic,ਸੁੰਦਰਤਾ,2711,187
affected,ਪ੍ਰਭਾਵਿਤ,7495,4193
affirmative,ਸਕਾਰਾਤਮਿਕ,24,77
aghast,ਸੁੰਨ,199,42
aired,ਹਵਾਦਾਰ,279,102
airy,ਹਵਾਦਾਰ,279,134
alternate,ਮੂਹਰਲੀ,33,194
amalgamated,ਮਿਸ਼ਰਤ,34,12
anterior,ਸਾਹਮਣਾ,8435,13
anticipatory,ਆਸਵੰਦ,82,138
antisocial,ਅਸਮਾਜਿਕ,17,13
appalled,ਸੁੰਨ,199,48
applicable,ਲਾਗੂ,10763,941
appreciative,ਗੁਣਵਾਨ,21,83
approaching,ਆਗਾਮੀ,562,316
approximate,ਅਨੁਮਾਨਿਤ,123,223
aquatic,ਜਲੀ,11,49
arabic,ਅਰਬੀ,295,302
arable,ਕਿਰਸਾਨੀ,20,12
archaeological,ਪੁਰਾਤਤਵ,16,106
archeological,ਪੁਰਾਤਤਵ,16,8
armored,ਜਰੀਆ,9,15
arresting,ਸਨਸਨੀਖੇਜ,18,153
artistic,ਕਲਾਤਮਕ,314,336
asking,ਸਵਾਲੀਆ,64,2289
assamese,ਅਸਾਮੀ,57,26
astringent,ਕੌੜਾ,307,22
astronomical,ਖਗੋਲੀ,27,21
atmospheric,ਵਾਤਾਵਰਣੀ,9,107
audible,ਮਿੱਠੀ,329,24
australian,ਆਸਟ੍ਰੇਲਿਆਈ,41,1249
austrian,ਆਸਟ੍ਰੇਲਿਆਈ,41,51
autonomous,ਨਿੱਜੀ,9856,181
avid,ਲੋਭੀ,29,132
bactericidal,ਕੀਟਨਾਸ਼ਕ,74,28
bald,ਗੰਜਾ,34,26
bangladeshi,ਬੰਗਲਾਦੇਸ਼ੀ,95,112
banned,ਹਰਾਮ,72,1228
basic,ਮੁਢਲੀ,426,3286
becoming,ਸਮੁੱਚਾ,415,2288
belgian,ਬੈਲਜੀਅਨ,31,45
benevolent,ਪਰਉਪਕਾਰੀ,42,44
bengali,ਬੰਗਾਲੀ,316,380
bhutanese,ਭੂਟਾਨੀ,11,16
bland,ਫਿੱਕੀ,59,57
bleak,ਬੰਜਰ,37,70
bloated,ਸੁੱਜਿਆ,9,31
blunt,ਬੇਝਿਜਕ,28,53
blurred,ਧੁੰਦਲਾ,105,50
blurry,ਧੁੰਦਲਾ,105,35
boiled,ਉਬਲਿਆ,23,454
bonded,ਬੰਧਨ,437,56
booming,ਵਿਕਾਸਸ਼ੀਲ,90,70
boring,ਅਕਾਊ,9,504
bottom,ਤਲ,424,765
bridal,ਵਿਵਾਹਿਕ,37,31
broadband,ਬ੍ਰਾਡਬੈਂਡ,24,135
broken,ਬਰੀਕ,132,965
brute,ਕਸਾਈ,13,27
buddhist,ਬੋਧੀ,100,78
budgetary,ਬਜਟੀ,24,95
bully,ਬਾਂਕਾ,10,38
burned,ਸੜਿਆ,10,239
burnt,ਸੜਿਆ,10,394
canadian,ਕਨੇਡੀਅਨ,17,843
cancelled,ਰੱਦ,7880,1309
candid,ਬੇਝਿਜਕ,28,86
capital,ਵੱਡਾ,18896,4152
capitalist,ਪੂੰਜੀਵਾਦੀ,28,30
capricious,ਮਨਮਾਨੀ,75,48
captivated,ਆਕਰਸ਼ਿਤ,135,27
castrated,ਖੱਸੀ,23,8
catastrophic,ਅਕ੍ਰਿਤਘਣ,811,69
catching,ਸੰਚਾਰੀ,21,150
catholic,ਕੈਥੋਲਿਕ,180,136
causative,ਕਾਰਕ,4130,50
ceremonial,ਧਾਰਮਿਕ,3409,64
charged,ਭਰਪੂਰ,5225,1343
charmed,ਆਕਰਸ਼ਿਤ,135,29
cheerful,ਹੱਸਮੁੱਖ,95,375
chemical,ਰਸਾਇਣਕ,1022,1161
christian,ਈਸਾਈ,293,382
circular,ਗੋਲ,1476,185
civil,ਦੀਵਾਨੀ,40,4508
cleared,ਬਰੀ,929,473
clumsy,ਨਿਕੰਮਾ,123,55
coarse,ਮਿਲਾਵਟੀ,74,47
coherent,ਤਰਕਸੰਗਤ,135,29
colorful,ਰੰਗੇ,272,502
comic,ਕਮੇਡੀ,35,120
comical,ਕਮੇਡੀ,35,21
commissioned,ਨਿਯੁਕਤ,2480,89
common,ਮਿਲਾਵਟੀ,74,11446
communicable,ਸੰਚਾਰੀ,21,25
computerised,ਕੰਪਿਊਟਰੀਕਰਨ,21,22
computerized,ਕੰਪਿਊਟਰੀਕਰਨ,21,42
concealed,ਡੁੱਬਦਾ,10,54
concentrated,ਸੁੰਦਰ,15583,204
connecting,ਸੰਯੋਜਕ,22,468
conscious,ਚੇਤਨ,95,513
consecutive,ਲੜੀਵਾਰ,203,774
considered,ਵਿਚਾਰਿਆ,427,5877
consistent,ਤਰਕਸੰਗਤ,135,553
constituted,ਗਠਿਤ,615,1080
contagious,ਸੰਚਾਰੀ,21,236
contracted,ਇਕੱਠਾ,1399,142
convinced,ਕਾਇਲ,44,675
corporal,ਦੇਹਧਾਰੀ,26,14
corrupted,ਭ੍ਰਿਸ਼ਟਾਚਾਰੀ,13,18
cosmetic,ਸਜਾਵਟੀ,781,394
cracking,ਬਾਂਕਾ,10,80
creative,ਰਚਨਾਤਮਕ,2046,2039
crisp,ਖਸਤਾ,143,102
crispy,ਖਸਤਾ,143,38
critical,ਨੁਕਤਾਚੀਨੀ,258,2542
cultivable,ਕਿਰਸਾਨੀ,20,11
cultural,ਸੰਸਕ੍ਰਿਤਕ,21,3523
cyclic,ਚੱਕਰੀ,10,11
cyclical,ਚੱਕਰੀ,10,19
damaged,ਨੁਕਸਾਨੀ,368,2513
dandy,ਬਾਂਕਾ,10,23
danish,ਡੈਨਿਸ਼,35,191
dazzling,ਚਕਾਚੌਂਧ,9,51
deaf,ਬੋਲਾ,19,56
deceitful,ਦੋਗਲਾ,13,22
decisive,ਨਿਰਣਾਇਕ,233,195
decorative,ਸਜਾਵਟੀ,781,578
decreasing,ਘਟਣਾ,195,169
defeated,ਹਾਰੇ,134,1026
definite,ਪੱਕਾ,2686,262
definitive,ਅਧਿਕਾਰਿਕ,238,152
delighted,ਗਦਗਦ,34,614
demonstrated,ਪ੍ਰਦਰਸ਼ਿਤ,119,227
departmental,ਵਿਭਾਗੀ,405,191
dependant,ਨਿਰਭਰ,9663,18
desolate,ਬੰਜਰ,37,25
devoted,ਪਰਮ,767,395
diabetic,ਸ਼ੂਗਰ,1051,180
dilapidated,ਖਸਤਾ,143,40
dim,ਅਪ੍ਰਤੱਖ,33,37
direct,ਸਿੱਧਾ,2409,2192
disapproved,ਅਸਹਿਮਤ,235,13
discernible,ਦਰਸ਼ਨੀ,18,10
disciplined,ਨੇਮੀ,51,63
disenchanted,ਤਿਆਗੀ,125,13
disgraceful,ਅਪਮਾਨਜਨਕ,303,37
disgruntled,ਬੇਸਬਰਾ,142,22
disgusting,ਈਰਖਾਲੂ,25,182
disinfectant,ਕੀਟਨਾਸ਼ਕ,74,36
disinterested,ਨਿਰਸਵਾਰਥ,54,12
dismayed,ਸੁੰਨ,199,73
disobedient,ਅਣਆਗਿਆਕਾਰੀ,10,10
disruptive,ਸੰਕਟਗ੍ਰਸਤ,18,41
dissatisfied,ਬੇਸਬਰਾ,142,91
dissenting,ਅਸਹਿਮਤ,235,8
dissident,ਵਿਰੋਧੀ,7649,17
divine,ਦੇਵ,3485,273
doubled,ਦੁੱਗਣਾ,117,94
doubtful,ਸ਼ੱਕੀ,1387,96
downtrodden,ਦਲਿਤ,907,44
dramatic,ਨਾਟਕੀ,220,246
drenched,ਲੱਥਪੱਥ,31,17
dubious,ਸ਼ੱਕੀ,1387,71
dull,ਅਕਾਊ,9,199
dumb,ਗੂੰਗਾ,13,154
durable,ਪਾਏਦਾਰ,18,389
dutch,ਡੱਚ,52,107
earned,ਕਮਾਇਆ,117,606
earthy,ਭੂਮੀ,699,10
economic,ਅਰਥਸ਼ਾਸਤਰੀ,42,3118
economical,ਅਰਥਸ਼ਾਸਤਰੀ,42,245
ecstatic,ਗਦਗਦ,34,77
editorial,ਸੰਪਾਦਕੀ,136,76
educated,ਸਿੱਖਿਅਤ,183,413
educational,ਸਿੱਖਿਆਦਾਇਕ,44,2134
egyptian,ਮਿਸਰੀ,53,74
eight,ਅੱਠ,2552,2076
eldest,ਪਲੇਠਾ,16,178
electrifying,ਰੋਮਾਂਚਿਕ,73,10
elegant,ਸਹਿਜ,658,709
eloquent,ਗਾਲੜੀ,22,21
embodied,ਦੇਹਧਾਰੀ,26,49
encouraging,ਉਤਸ਼ਾਹਪੂਰਵਕ,22,369
endorsed,ਸਮਰਥਿਤ,89,83
enlightened,ਸੁਰੱਖਿਅਤ,10522,35
entangled,ਉਲਝਿਆ,32,21
entire,ਭਰਪੂਰ,5225,6941
envious,ਈਰਖਾਲੂ,25,56
equipped,ਲੈਸ,6636,3418
erotic,ਰੰਗੀਨ,571,40
established,ਗਠਿਤ,615,1462
eternal,ਅਨਾਦਿ,51,344
ethiopian,ਇਥੋਪੀਅਨ,13,43
ethnic,ਕਾਫ਼ਰ,15,244
evasive,ਕਠਿਨ,388,9
evergreen,ਸਦਾਬਹਾਰ,77,52
exciting,ਭੜਕਾਊ,363,2103
exhausting,ਥਕਾਊ,17,107
exonerated,ਬਰੀ,929,21
expensive,ਮਹਿੰਗਾ,3860,4118
experimental,ਪ੍ਰਯੋਗਿਕ,14,80
explosive,ਵਿਸਫੋਟਕ,267,186
expressive,ਪੇਸ਼ਕਾਰੀ,385,144
fabulous,ਪੌਰਾਣਿਕ,22,863
facile,ਗਾਲੜੀ,22,25
faint,ਅਪ੍ਰਤੱਖ,33,91
favored,ਲਾਡਲਾ,22,23
feasible,ਕਰਨਯੋਗ,62,193
female,ਮਾਦਾ,881,2119
feminine,ਜਨਾਨਾ,11,214
fertile,ਉਪਜਾਊ,279,105
fibrous,ਰੇਸ਼ੇਦਾਰ,19,35
fifth,ਪੰਜਵੀਂ,433,1029
finnish,ਫਿਨਿਸ਼,9,73
firstborn,ਪਲੇਠਾ,16,12
fixed,ਲੱਗਾ,4598,1234
fleshy,ਵਿਕਰਾਲ,33,11
floating,ਤੈਰਦਾ,11,159
floral,ਫੁੱਲਦਾਰ,110,293
flourishing,ਵਿਕਾਸਸ਼ੀਲ,90,32
foggy,ਧੁੰਦਲਾ,105,60
forested,ਜੰਗਲੀ,934,22
forgetful,ਭੁੱਲੜ,16,19
forgivable,ਮਾਫੀ,395,9
forthcoming,ਆਗਾਮੀ,562,465
forthright,ਬੇਝਿਜਕ,28,24
foster,ਪਾਲਣਹਾਰ,19,91
foul,ਈਰਖਾਲੂ,25,137
found,ਚਲਾਉਣਾ,391,12892
fourth,ਚੌਥਾ,668,2015
frank,ਬੇਝਿਜਕ,28,133
friendly,ਦੋਸਤਾਨਾ,2696,5787
frightened,ਘਬਰਾਇਆ,279,365
front,ਵੱਲ,13977,3260
fulfilled,ਭਰਪੂਰ,5225,989
full,ਖਚਾ-ਖਚ,11,6752
functional,ਅਸਲੀ,6479,560
funny,ਕਮੇਡੀ,35,2222
fuzzy,ਧੁੰਦਲਾ,105,46
geographic,ਭੂਗੋਲਿਕ,390,60
geographical,ਭੂਗੋਲਿਕ,390,268
german,ਜਰਮਨ,922,896
glittering,ਚਮਕਦਾ,113,27
glossy,ਰੇਸ਼ਮੀ,9,109
godly,ਦੇਵ,3485,14
gorgeous,ਚਮਕੀਲਾ,227,1514
gothic,ਗੋਥਿਕ,58,80
governmental,ਸਰਕਾਰੀ,13230,44
grammatical,ਵਿਆਕਰਨਿਕ,13,47
grateful,ਤ੍ਰਿਪਤ,477,1987
greenish,ਹਰਾ,1807,35
groovy,ਬਾਂਕਾ,10,12
guaranteed,ਬੰਧਨ,437,452
halal,ਹਲਾਲ,13,14
hardworking,ਮਿਹਨਤੀ,692,144
hazy,ਧੁੰਦਲਾ,105,26
healthful,ਸੰਤੁਲਿਤ,1584,81
homeless,ਬੇਘਰ,240,155
hopeless,ਨਿਰਾਸ਼ਾਜਨਕ,157,80
humorous,ਮਜ਼ਾਕੀਆ,15,59
humourous,ਮਜ਼ਾਕੀਆ,15,8
hundredth,ਸੌਵਾਂ,35,16
hungry,ਭੁੱਖਾ,177,601
idealistic,ਆਦਰਸ਼ਵਾਦੀ,9,19
ill,ਬੁਰਾ,5760,931
illuminating,ਪ੍ਰਕਾਸ਼ਕ,32,8
imperceptible,ਅਗਿਆਤ,101,12
imperial,ਰਾਜਸੀ,434,87
impervious,ਅਗਮ,25,11
impoverished,ਬੇਸਹਾਰਾ,202,24
impregnable,ਅਭੇਦ,47,10
impulsive,ਮਨਮਾਨੀ,75,29
inane,ਨਿਆਣਾ,12,10
incompetent,ਨਾਲਾਇਕ,9,48
inconsequential,ਬੇਕਾਰ,1443,29
inconvenient,ਅਸੁਵਿਧਾਜਨਕ,48,79
incorporate,ਸ਼ਾਮਿਲ,2844,154
incorporated,ਸ਼ਾਮਿਲ,2844,187
incorrect,ਗਲਤ,11604,691
increasing,ਵੱਧਦਾ,1033,4492
indonesian,ਇੰਡੋਨੇਸ਼ੀਆਈ,21,140
industrial,ਉਦਯੋਗਿਕ,1434,1373
industrialized,ਉਦਯੋਗਿਕ,1434,12
industrious,ਮਿਹਨਤੀ,692,19
ineligible,ਅਯੋਗ,336,38
inert,ਮੰਦ,25,12
inexpensive,ਸਸਤਾ,2252,655
infamous,ਬਦਨਾਮ,411,52
infected,ਸੰਕ੍ਰਮਿਤ,337,1338
infertile,ਬਾਂਝ,19,12
inimical,ਅਣਜਾਣ,844,9
innate,ਜਨਮਜਾਤ,11,45
insipid,ਫਿੱਕੀ,59,10
inspirational,ਪ੍ਰੇਰਣਾਦਾਇਕ,110,96
inspiring,ਪ੍ਰੇਰਕ,289,316
instinctive,ਸੁਭਾਵਿਕ,258,15
institutional,ਸੰਸਥਾਗਤ,237,148
intellectual,ਬੁੱਧੀਜੀਵੀ,45,221
interfering,ਵਿਰੋਧੀ,7649,59
interim,ਅੰਤਰਿਮ,503,490
intolerable,ਅਸਹਿਣਯੋਗ,20,48
invincible,ਅਜਿੱਤ,21,35
iranian,ਈਰਾਨੀ,216,265
iraqi,ਇਰਾਕੀ,107,108
irksome,ਅਕਾਊ,9,8
irregular,ਅਨਿਯਮਤ,40,47
israeli,ਇਸਰਾਇਲੀ,12,285
jain,ਜੈਨੀ,22,113
japanese,ਜਪਾਨੀ,258,698
jealous,ਈਰਖਾਲੂ,25,175
jewish,ਯਹੂਦੀ,280,128
jihadi,ਜਿਹਾਦੀ,23,11
jobless,ਬੇਰੋਜਗਾਰ,16,70
joyous,ਅਨੰਦਮਈ,183,142
kashmiri,ਕਸ਼ਮੀਰੀ,333,279
khaki,ਖਾਕੀ,34,32
knowing,ਸੁਰੱਖਿਅਤ,10522,545
knowledgeable,ਸੁਰੱਖਿਅਤ,10522,371
lacking,ਅਸੰਭਵ,3356,171
lacy,ਜਾਲੀਦਾਰ,25,8
land,ਜਮੀਨੀ,24,3727
laughable,ਕਮੇਡੀ,35,26
lax,ਢਿੱਲਾ,109,22
lay,ਧਰਮਨਿਰਪੱਖ,12,613
lazy,ਆਲਸੀ,832,269
leafy,ਪੱਤੇਦਾਰ,202,144
learned,ਸੁਰੱਖਿਅਤ,10522,1484
least,ਥੋੜ੍ਹਾ,4470,19109
legal,ਕਾਨੂੰਨੀ,6062,4084
legislative,ਵਿਧਾਨਿਕ,55,622
legitimate,ਜਾਇਜ,89,294
lethal,ਮਾਰਕ,566,102
liberated,ਮੁਕਤ,1456,44
licenced,ਨਿਯੁਕਤ,2480,8
licensed,ਨਿਯੁਕਤ,2480,188
linguistic,ਭਾਸ਼ਾਈ,16,48
literary,ਸਾਹਿਤਿਕ,43,411
loaded,ਟੱਲੀ,39,268
local,ਸਥਾਨਿਕ,170,7546
located,ਸਥਿਤ,10018,6291
lonely,ਇਕਲਾ,42,384
loving,ਪ੍ਰੇਮੀ,1479,1315
loyal,ਦੇਸ਼ਭਗਤ,17,210
lucid,ਪਾਰਦਰਸ਼ੀ,304,48
ludicrous,ਬਦਨਾਮ,411,52
lush,ਰਸੀਲਾ,26,108
lymphatic,ਲਾਰ,49,19
macho,ਮਰਦਾਨਾ,44,9
magnanimous,ਉਦਾਰ,95,17
magnetic,ਚੁੰਬਕੀ,97,95
majestic,ਰਾਜਸੀ,434,112
male,ਨਰ,196,1221
malnourished,ਕੁਪੋਸ਼ਿਤ,14,22
mammary,ਸਤਨ,50,29
mangled,ਫਟਿਆ,28,41
manly,ਮਰਦਾਨਾ,44,22
marked,ਅੰਕਿਤ,195,330
marshy,ਦਲਦਲੀ,13,12
maximum,ਜ਼ਿਆਦਾਤਰ,2051,2616
mechanical,ਯੰਤਰਿਕ,91,662
meddling,ਵਿਰੋਧੀ,7649,31
merged,ਸ਼ਾਮਿਲ,2844,131
metal,ਧਾਤੂ,229,922
metallic,ਧਾਤੂ,229,52
metropolitan,ਮਹਾਂਨਗਰੀ,19,264
mexican,ਮੈਕਸੀਕਨ,76,139
migrant,ਪ੍ਰਵਾਸੀ,767,494
milch,ਦੁਧਾਰੂ,28,15
military,ਸੈਨਿਕ,915,3044
million,ਮਿਲੀਅਨ,1659,3110
mined,ਮਾਈਨਿੰਗ,374,22
mineral,ਖਣਿਜ,1349,650
minuscule,ਛੋਟਾ,5658,21
missing,ਅਸੰਭਵ,3356,2060
missionary,ਮਿਸ਼ਨਰੀ,33,31
misty,ਧੁੰਦਲਾ,105,9
mobile,ਵਣਜਾਰਾ,11,4221
moderate,ਮੱਧਮ,957,545
molecular,ਸੂਖਮ,354,46
monthly,ਮਾਸਿਕ,206,495
motivated,ਪ੍ਰੇਰਿਤ,2936,435
mysterious,ਰਹੱਸਮਈ,457,410
mystic,ਰਹੱਸਮਈ,457,14
mystical,ਰਹੱਸਮਈ,457,76
mythical,ਪੌਰਾਣਿਕ,22,35
mythological,ਪੌਰਾਣਿਕ,22,29
neat,ਬਾਂਕਾ,10,491
neglected,ਅਣਦੇਖਿਆ,56,162
negligent,ਲਾਪਰਵਾਹੀ,707,122
nepalese,ਨੇਪਾਲੀ,186,91
nepali,ਨੇਪਾਲੀ,186,102
netted,ਜਾਲੀਦਾਰ,25,18
newborn,ਨਵ-ਜੰਮੇ,49,499
next,ਅਗਲਾ,1891,10321
nifty,ਬਾਂਕਾ,10,164
ninth,ਨੌਵਾਂ,44,166
nitric,ਨਾਈਟ੍ਰਿਕ,12,11
nomadic,ਵਣਜਾਰਾ,11,10
norse,ਨਾਰਵੇਜੀਅਨ,23,8
northern,ਉਤਰੀ,412,1205
norwegian,ਨਾਰਵੇਜੀਅਨ,23,74
notable,ਵਿਚਾਰਨਯੋਗ,128,388
noteworthy,ਵਿਚਾਰਨਯੋਗ,128,266
notorious,ਬਦਨਾਮ,411,83
numeric,ਸੰਖਿਆਤਮਕ,63,18
numerical,ਸੰਖਿਆਤਮਕ,63,67
nuptial,ਵਿਵਾਹਿਕ,37,9
obedient,ਆਗਿਆਕਾਰੀ,44,57
obese,ਬੇਡੌਲ,22,155
objectionable,ਇਤਰਾਜਯੋਗ,9,123
oblivious,ਭੁੱਲੜ,16,70
obnoxious,ਇਤਰਾਜਯੋਗ,9,48
observable,ਦਰਸ਼ਨੀ,18,11
occult,ਰਹੱਸਮਈ,457,19
ocular,ਮੋਤੀਆ,37,18
odorless,ਗੰਧਹੀਣ,12,14
official,ਦਫ਼ਤਰੀ,80,8002
ominous,ਬੁਰਾ,5760,52
operable,ਅਸਲੀ,6479,8
operational,ਅਸਲੀ,6479,372
opportunistic,ਮੌਕਾਪ੍ਰਸਤ,34,22
opposed,ਵਿਰੋਧੀ,7649,976
oppressive,ਬੇਇਨਸਾਫੀ,121,27
optic,ਮੋਤੀਆ,37,15
optical,ਮੋਤੀਆ,37,70
optimistic,ਆਸ਼ਾਵਾਦੀ,34,202
orange,ਨਾਰੰਗੀ,33,576
ordered,ਤਰਕਸੰਗਤ,135,2855
orderly,ਤਰਕਸੰਗਤ,135,50
organic,ਜੀਵੰਤ,134,554
original,ਦੇਸੀ,518,1601
ornamental,ਸਜਾਵਟੀ,781,24
outside,ਬਾਹਰ,15836,3770
outspoken,ਬੇਝਿਜਕ,28,29
oval,ਅੰਡਾਕਾਰ,12,120
overweight,ਵਿਕਰਾਲ,33,461
pagan,ਕਾਫ਼ਰ,15,13
panicked,ਘਬਰਾਇਆ,279,93
panicky,ਘਬਰਾਇਆ,279,21
parasitic,ਪਰਜੀਵੀ,202,36
patient,ਸ਼ਾਂਤ,1549,3396
patriotic,ਦੇਸ਼ਭਗਤ,17,115
pending,ਵਿਚਾਰਅਧੀਨ,27,1147
perceptible,ਪ੍ਰਤੱਖ,284,8
perfumed,ਖੁਸ਼ਬੂਦਾਰ,23,9
periodic,ਨਿਸ਼ਚਿਤ,472,47
periodical,ਨਿਸ਼ਚਿਤ,472,12
perpendicular,ਖੜਾ,1364,9
perpetual,ਅਨਾਦਿ,51,24
persian,ਈਰਾਨੀ,216,144
pessimistic,ਨਿਰਾਸ਼ਾਵਾਦੀ,11,42
pet,ਲਾਡਲਾ,22,900
pharmaceutical,ਔਸ਼ਧੀ,49,320
philippine,ਫਿਲਪੀਨਜ਼,20,34
pissed,ਟੱਲੀ,39,185
placed,ਸਥਿਤ,10018,1703
plastered,ਟੱਲੀ,39,39
plotted,ਆਯੋਜਿਤ,1319,15
plus,ਧਨ,1160,800
poisonous,ਜ਼ਹਿਰੀਲਾ,78,280
polish,ਪੋਲਿਸ਼,11,126
pop,ਉੱਠਣਾ,45,293
porous,ਭੰਗ,997,28
portuguese,ਪੁਰਤਗਾਲੀ,90,53
practicable,ਕਰਨਯੋਗ,62,11
praising,ਸਵਾਗਤੀ,81,91
preferred,ਲਾਡਲਾ,22,342
premature,ਬੇਵਕਤ,9,93
prescribed,ਅਨੁਸਾਰ,26567,1043
presidential,ਪ੍ਰਧਾਨਗੀ,2681,838
preventative,ਨਿਵਾਰਕ,69,28
preventive,ਨਿਵਾਰਕ,69,431
previous,ਸਾਬਕਾ,17499,1702
projected,ਪ੍ਰਸਤਾਵਿਤ,565,129
promised,ਵਚਨਬੱਧ,1533,961
promising,ਹੋਣਹਾਰ,370,262
prompt,ਤੁਰੰਤ,13649,315
prophylactic,ਨਿਵਾਰਕ,69,24
proportional,ਤੁਲਨਾਤਮਕ,94,40
proposed,ਪ੍ਰਸਤਾਵਿਤ,565,1146
protected,ਮਹਿਫੂਜ਼,15,847
provincial,ਰਾਜਕੀ,16,225
published,ਪ੍ਰਕਾਸ਼ਿਤ,667,2175
puffed,ਸੁੱਜਿਆ,9,11
purple,ਰਾਜਸੀ,434,257
quadrilateral,ਚਤੁਰਭੁਜ,34,8
quarterly,ਤਿਮਾਹੀ,418,46
queer,ਸਮਲਿੰਗੀ,142,43
rainy,ਬਰਸਾਤੀ,222,290
rapid,ਤੇਜ਼,3351,795
rapt,ਗਦਗਦ,34,13
real,ਅਸਥਾਈ,909,10854
rear,ਗੈਲ,10,610
reassured,ਬੇਫਿਕਰ,31,46
reclining,ਲੇਟਿਆ,17,10
rectangular,ਆਯਾਤਕਾਰ,9,51
recurrent,ਦੁਹਰਾਇਆ,930,14
reflected,ਪਰਿਵਰਤਿਤ,17,242
regal,ਰਾਜਸੀ,434,13
registered,ਰਜਿਸਟਰਡ,881,29032
relative,ਤੁਲਨਾਤਮਕ,94,407
relevant,ਪ੍ਰਸੰਗਿਕ,45,1917
removed,ਪਹਿਲਾਂ,71175,1954
renewable,ਨਵੀਨੀਕਰਣ,25,112
repeated,ਦੁਹਰਾਇਆ,930,889
repellent,ਈਰਖਾਲੂ,25,31
requested,ਪੂਜਨੀਕ,25,1747
retiring,ਨਿਮਾਣਾ,21,48
revolting,ਈਰਖਾਲੂ,25,8
ridiculous,ਬਦਨਾਮ,411,358
roaring,ਗਰਜ,94,29
rose,ਗੁਲਾਬੀ,1081,968
round,ਗੋਲ,1476,1378
rugged,ਸੰਘਰਸ਼ਮਈ,11,31
runny,ਤਰਲ,1840,92
satisfied,ਰਾਜਾ,1636,1576
saturated,ਲੱਥਪੱਥ,31,399
saucy,ਢੀਠ,188,9
saudi,ਸਾਉਦੀ,30,616
scented,ਖੁਸ਼ਬੂਦਾਰ,23,13
scholastic,ਸਕੂਲੀ,1439,11
scientific,ਵਿਗਿਆਨਕ,1337,1231
scintillating,ਚਮਕਦਾ,113,47
sealed,ਸੀਲਬੰਦ,57,386
seasonal,ਮੌਸਮੀ,317,165
seated,ਵਿਰਾਜਮਾਨ,15,221
sectarian,ਸੰਪਰਦਾਇਕ,11,23
secular,ਧਰਮਨਿਰਪੱਖ,12,188
secured,ਬੰਧਨ,437,587
seeded,ਬੀਜੀ,52,46
selfish,ਸਵਾਰਥੀ,99,137
semantic,ਅਰਥੀ,119,23
sensational,ਸਨਸਨੀਖੇਜ,18,117
sensitive,ਭਾਵਨਾਤਮਕ,660,1081
separated,ਵੱਖਰਾ,4700,286
septic,ਸੰਕ੍ਰਮਿਤ,337,42
sequential,ਲੜੀਵਾਰ,203,15
serbian,ਸਰਬਿਆਈ,26,25
serial,ਲੜੀਵਾਰ,203,182
sexual,ਯੌਨ,168,1668
shady,ਛਾਂਦਾਰ,24,31
shaky,ਪੁਰਾਣਾ,1053,56
shallow,ਸਤਹੀ,143,168
shameful,ਅਪਮਾਨਜਨਕ,303,281
shameless,ਬੇਸ਼ਰਮ,21,25
shattered,ਚੂਰ-ਚੂਰ,15,213
shocked,ਸੁੰਨ,199,1070
short,ਛੋਟਾ,5658,3133
shy,ਸ਼ਰਮਾਕਲ,129,377
siamese,ਥਾਈ,121,8
silky,ਰੇਸ਼ਮੀ,9,41
silver,ਚਾਂਦੀ,1905,2371
sitting,ਵਿਰਾਜਮਾਨ,15,1824
situated,ਸਥਿਤ,10018,790
slack,ਬੁਝਾਉਣਾ,14,13
sleek,ਰੇਸ਼ਮੀ,9,38
slick,ਰੇਸ਼ਮੀ,9,30
sloppy,ਦਲਦਲੀ,13,19
sluggish,ਮੰਦ,25,53
smashed,ਟੱਲੀ,39,160
smashing,ਬਾਂਕਾ,10,29
soaking,ਲੱਥਪੱਥ,31,82
social,ਸਮਾਜਿਕ,4441,17070
socialist,ਸਮਾਜਵਾਦੀ,515,113
societal,ਸਮਾਜਿਕ,4441,41
soluble,ਘੁਲਣਸ਼ੀਲ,21,108
somali,ਸੋਮਾਲੀ,10,30
sordid,ਗੰਦਾ,191,10
southern,ਦੱਖਣੀ,5265,903
sparkly,ਚਮਕਦਾ,113,15
speaking,ਬੋਲਦਾ,543,2984
speedy,ਤੇਜ਼,3351,341
spiteful,ਈਰਖਾਲੂ,25,10
sporadic,ਛੋਟੀਆਂ-ਮੋਟੀਆਂ,16,36
spurious,ਦੋਗਲਾ,13,143
staged,ਅਭਿਨੀਤ,9,574
stated,ਤਸਦੀਕ,385,2780
sterile,ਬਾਂਝ,19,25
stewed,ਉਬਲਿਆ,23,22
sticky,ਲੇਸਦਾਰ,53,130
stiff,ਟੱਲੀ,39,176
stinky,ਬਦਬੂਦਾਰ,17,10
straightaway,ਤੁਰੰਤ,13649,9
strategic,ਕੂਟਨੀਤਕ,280,607
strung,ਪਾਬੰਦ,89,8
stubborn,ਅੜੀਅਲ,116,155
stuffed,ਭਰਵਾ,31,48
stunning,ਸਨਸਨੀਖੇਜ,18,1049
submerged,ਕਾਈ,25,165
successive,ਲੜੀਵਾਰ,203,124
succulent,ਰਸੀਲਾ,26,22
sugary,ਮਿੱਠਾ,613,215
suicidal,ਆਤਮਘਾਤੀ,551,65
supposed,ਪਾਖੰਡੀ,86,2609
supreme,ਪਰਮ,767,5070
surrogate,ਪਾਲਣਹਾਰ,19,24
suspended,ਮੁਲਤਵੀ,960,1893
swampy,ਦਲਦਲੀ,13,10
swedish,ਸਵੀਡਿਸ਼,17,176
swell,ਬਾਂਕਾ,10,69
tactical,ਰਣਨੀਤੀਕ,17,38
tai,ਥਾਈ,121,29
taiwanese,ਚੀਨੀ,3282,24
talking,ਬੋਲਦੀ,219,4313
tame,ਡਰਪੋਕ,79,64
tamil,ਤਾਮਿਲ,576,1590
taxable,ਟੈਕਸਯੋਗ,25,44
technological,ਉਦਯੋਗਿਕ,1434,282
tedious,ਅਕਾਊ,9,131
tenth,ਦਸਵਾਂ,20,146
terminal,ਮਿਆਦੀ,15,283
terrified,ਘਬਰਾਇਆ,279,339
territorial,ਖੇਤਰੀ,1324,186
tested,ਜਾਂਚਿਆ,41,1352
thai,ਥਾਈ,121,57
thankful,ਤ੍ਰਿਪਤ,477,1424
thirsty,ਪਿਆਸਾ,53,91
thoughtful,ਵਿਚਾਰਵਾਨ,73,246
thrilled,ਰੋਮਾਂਚਿਤ,845,457
thrilling,ਰੋਮਾਂਚਿਕ,73,166
thriving,ਵਿਕਾਸਸ਼ੀਲ,90,50
tibetan,ਤਿੱਬਤੀ,81,49
tiresome,ਅਕਾਊ,9,21
tiring,ਥਕਾਊ,17,99
torn,ਫਟਿਆ,28,180
torrential,ਮੋਹਲੇਧਾਰ,122,93
tortured,ਸਤਾਏ,45,138
total,ਭਰਪੂਰ,5225,9960
touched,ਛੂਹਿਆ,64,370
tough,ਸੰਘਰਸ਼ਮਈ,11,2116
traditionalist,ਪਰੰਪਰਾਵਾਦੀ,74,14
translucent,ਪਾਰਦਰਸ਼ੀ,304,34
transparent,ਪਾਰਦਰਸ਼ੀ,304,610
treated,ਨਿਰੋਗ,53,2969
tricolor,ਤਿਰੰਗਾ,173,26
tried,ਜਾਂਚਿਆ,41,3511
trillion,ਬਿਲੀਅਨ,276,75
tropical,ਊਸ਼ਣਕਟੀਬੰਧੀ,10,188
truncated,ਕੱਟਿਆ,1717,8
trustful,ਵਿਸ਼ਵਾਸੀ,18,8
trusting,ਵਿਸ਼ਵਾਸੀ,18,191
tumultuous,ਸੰਕਟਗ੍ਰਸਤ,18,21
turbulent,ਸੰਕਟਗ੍ਰਸਤ,18,57
turkish,ਤੁਰਕੀ,993,273
turned,ਫਟਿਆ,28,4332
twofold,ਦੁੱਗਣਾ,117,18
typical,ਪ੍ਰਸਿੱਧ,6804,727
unaccountable,ਜਵਾਬਦੇਹ,214,8
unanimous,ਇਕਮੱਤ,13,156
unarmed,ਨਿਹੱਥੇ,229,31
unassailable,ਅਭੇਦ,47,42
unassuming,ਨਿਮਾਣਾ,21,16
unattended,ਅਣਦੇਖਿਆ,56,28
unattractive,ਭੱਦਾ,22,28
unavailable,ਅਪ੍ਰਾਪਤ,17,55
unbearable,ਅਸਹਿਣਯੋਗ,20,70
unbeatable,ਅਜਿੱਤ,21,25
unbeaten,ਅਜਿਤ,90,126
unbridled,ਬੇਲਗਾਮ,46,8
unchecked,ਬੇਲਗਾਮ,46,8
unclaimed,ਲਾਵਾਰਿਸ,62,12
unconstitutional,ਅਸੰਵਿਧਾਨਕ,38,220
uncontrolled,ਬੇਕਾਬੂ,412,59
underwater,ਕਾਈ,25,55
unending,ਅਨਾਦਿ,51,14
unfaithful,ਗੱਦਾਰ,311,15
unfriendly,ਅਣਜਾਣ,844,15
ungrateful,ਅਕ੍ਰਿਤਘਣ,811,24
unheard,ਅਣਸੁਣੀ,32,40
unidentified,ਗੁਮਨਾਮ,41,2023
unified,ਸ਼ਾਮਿਲ,2844,99
uninjured,ਤੰਦਰੁਸਤ,4202,20
unnamed,ਗੁਮਨਾਮ,41,54
unofficial,ਗੈਰਸਰਕਾਰੀ,9,41
unprecedented,ਅਸਾਧਾਰਣ,1028,283
unresolved,ਅਣਸੁਲਝਿਆ,12,46
unrestricted,ਕਰਨਯੋਗ,62,9
unsatisfied,ਅਸੰਤੁਸ਼ਟ,40,30
unsavoury,ਨਾਪਸੰਦ,164,10
unsolved,ਅਣਸੁਲਝਿਆ,12,21
unstoppable,ਬੇਰੋਕ,86,33
untimely,ਬੇਵਕਤ,9,170
untiring,ਮਿਹਨਤੀ,692,24
unwavering,ਸਪਾਟ,209,10
upcoming,ਆਗਾਮੀ,562,2546
urdu,ਉਰਦੂ,366,268
usable,ਅਸਲੀ,6479,58
useable,ਅਸਲੀ,6479,12
used,ਜੂਠਾ,9,16558
vague,ਅਪ੍ਰਤੱਖ,33,111
various,ਰੰਗਾਰੰਗ,457,12022
vedic,ਵੈਦਿਕ,59,51
vehicular,ਵਾਹਨ,4979,131
verified,ਪ੍ਰਮਾਣਿਤ,534,253
versatile,ਰੰਗਾਰੰਗ,457,271
vertical,ਖੜਾ,1364,140
viable,ਕਰਨਯੋਗ,62,175
victorian,ਵਿਕਟੋਰੀਅਨ,16,29
victorious,ਜੇਤੂ,4605,189
vietnamese,ਵੀਅਤਨਾਮੀ,29,46
viii,ਅੱਠ,2552,148
vindicated,ਬਰੀ,929,10
vindictive,ਈਰਖਾਲੂ,25,19
viral,ਵਾਇਰਲ,6629,5862
viscous,ਲੇਸਦਾਰ,53,23
vitiated,ਭ੍ਰਿਸ਼ਟਾਚਾਰੀ,13,9
voiced,ਘੋਸ਼,187,130
volcanic,ਜਵਾਲਾਮੁਖੀ,88,35
vulgar,ਮਿਲਾਵਟੀ,74,45
wandering,ਵਣਜਾਰਾ,11,30
wanting,ਅਸੰਭਵ,3356,593
warranted,ਬੰਧਨ,437,62
waterlogged,ਦਲਦਲੀ,13,123
watery,ਪਤਲਾ,332,53
wearing,ਬੰਨ੍ਹਣ,88,1439
weeping,ਸੋਗਮਈ,22,52
westerly,ਪੱਛਮੀ,4932,15
wet,ਟੱਲੀ,39,509
whatever,ਜਿੰਨਾ,2978,1591
whatsoever,ਜਿੰਨਾ,2978,388
whimsical,ਮਨਮਾਨੀ,75,51
wholesale,ਥੋਕ,180,88
winning,ਜੇਤੂ,4605,2141
wobbly,ਪੁਰਾਣਾ,1053,10
wonky,ਪੁਰਾਣਾ,1053,12
woolen,ਗਰਮ,8734,41
workable,ਕਰਨਯੋਗ,62,41
worldwide,ਵਿਸ਼ਵਵਿਆਪੀ,49,1128
worse,ਬੁਰਾ,5760,3036
worshipped,ਪੂਜਣਯੋਗ,12,107
worthy,ਯੋਗ,8941,509
written,ਕਾਗਜ਼ੀ,41,4982
wrong,ਗਲਤ,11604,9563
yogic,ਯੋਗਿਕ,19,11
young,ਕੱਟਾ,41,6781
across,ਪਾਰ,2288,6871
afoot,ਪੈਦਲ,1017,61
ago,ਪਹਿਲਾਂ,71175,1784
alone,ਇਕੱਲਾ,3050,5204
anymore,ਹੁਣ,734,2369
apace,ਫੋਰਨ,10,14
attentively,ਸਾਵਧਾਨੀਪੂਰਵਕ,64,56
barely,ਅਲਪ,12,206
behind,ਪਿੱਛੇ-ਪਿੱਛੇ,63,4811
consequently,ਫਲਸਰੂਪ,280,2102
decent,ਸਿੱਧਾ,2409,609
decently,ਸਿੱਧਾ,2409,29
deep,ਗਹਿਰਾਈ,226,2103
deeply,ਗਹਿਰਾਈ,226,1345
early,ਜਲਦੀ,11953,3786
easy,ਧੀਮਾ,12,21424
enough,ਬੱਸ,7461,8119
especially,ਖਾਸਕਰ,118,3135
firm,ਇਰਾਦਾਤਨ,10,1424
flat,ਬੇਝਿਜਕ,28,696
forward,ਅੱਗੇ,211,2221
fully,ਖਚਾ-ਖਚ,11,3549
gracefully,ਸੱਭਿਅਕ,122,15
hardly,ਅਲਪ,12,655
independently,ਆਜਾਦੀ,53,448
left,ਖੱਬੇ,1008,6739
mutually,ਪਰਸਪਰ,187,203
plenty,ਬੱਸ,7461,2100
properly,ਸਿੱਧਾ,2409,2236
rapidly,ਫੋਰਨ,10,1388
regularly,ਨਿਯਮਤ,1555,1531
right,ਸਿੱਧਾ,2409,24150
safely,ਸੁਰੱਖਿਅਤ,10522,804
scarce,ਅਲਪ,12,74
scarcely,ਅਲਪ,12,24
secretly,ਚੁੱਪਚਾਪ,115,65
silently,ਚੁੱਪਚਾਪ,115,91
slow,ਧੀਮਾ,12,1228
slowly,ਧੀਮਾ,12,1732
solo,ਇਕੱਲਾ,3050,123
specially,ਖਾਸਕਰ,118,365
speedily,ਫੋਰਨ,10,34
steadfastly,ਇਰਾਦਾਤਨ,10,15
supra,ਉਪਰ,3826,9
thereafter,ਉਪਰੰਤ,4967,1842
thither,ਉੱਧਰ,749,13
throughout,ਸੰਪੂਰਨ,1379,2933
tightly,ਖਚਾਖਚ,30,133
tomorrow,ਕੱਲ,412,42
unaccompanied,ਇਕੱਲਾ,3050,12
vaguely,ਅਸਪੱਸ਼ਟ,36,11
yesterday,ਕੱਲ,412,44
abbreviation,ਸੰਖੇਪ,3381,48
abduction,ਅਗਵਾਹ,40,135
abortion,ਗਰਭਪਾਤ,629,320
accent,ਬੋਲੀ,1084,118
account,ਰਿਪੋਰਟ,11652,6178
accountant,ਲੇਖਾਕਾਰ,29,62
acknowledgement,ਮਾਨਤਾ,2699,51
acne,ਮੁਹਾਸੇ,124,428
acquaintance,ਪਹਿਚਾਣ,1247,92
action,ਕੁਦਰਤੀ,7574,15227
ad,ਇਸ਼ਤਿਹਾਰ,243,191
adaptation,ਅਨੁਕੂਲਣ,120,148
admiral,ਜਲਸੈਨਾ,11,117
admission,ਦਾਖਲਾ,3555,5101
admittance,ਦਾਖਲਾ,3555,40
adolescent,ਬਾਲਿਕਾ,20,77
adoration,ਭਗਤੀ,252,15
adornment,ਬਣਨਾ,2087,10
adversary,ਵਿਰੋਧੀ,7649,14
advertisement,ਇਸ਼ਤਿਹਾਰ,243,199
advertising,ਇਸ਼ਤਿਹਾਰ,243,783
affirmation,ਪੁਸ਼ਟੀ,3433,36
afternoon,ਦੁਪਹਿਰ,1852,869
ag,ਚਾਂਦੀ,1905,69
airplane,ਜਹਾਜ਼,2742,111
alum,ਗ੍ਰੈਜੂਏਟ,653,15
alumnus,ਗ੍ਰੈਜੂਏਟ,653,48
ambulance,ਐਂਬੂਲੈਂਸ,1063,750
anil,ਨੀਲ,330,1772
annapurna,ਅੰਨਪੂਰਣਾ,10,24
antagonist,ਵਿਰੋਧੀ,7649,102
anus,ਗੁੱਦਾ,37,69
aphorism,ਸੂਤਰ,507,10
applicant,ਉਮੀਦਵਾਰ,8433,596
application,ਅਰਜੀ,174,6151
aquarius,ਕੁੰਭ,134,30
arabia,ਅਰਬ,1839,408
archaeology,ਪੁਰਾਤਤਵ,16,31
archeology,ਪੁਰਾਤਤਵ,16,13
aries,ਮੇਖ,100,29
arithmetic,ਹਿਸਾਬ,1513,15
arjuna,ਅਰਜੁਨ,1991,146
armory,ਹਥਿਆਰ,2975,9
arrest,ਫੜਨਾ,77,3460
arsenal,ਹਥਿਆਰ,2975,74
artery,ਧਮਨੀ,15,153
artwork,ਦਸਤਕਾਰੀ,76,146
asia,ਏਸ਼ੀਆ,1092,1666
ass,ਗਧਾ,9,39
assailant,ਹਮਲਾਵਰ,2231,91
assaulter,ਹਮਲਾਵਰ,2231,12
assembly,ਜਨਸਭਾ,37,7277
assertion,ਪੁਸ਼ਟੀ,3433,118
asshole,ਗੁੱਦਾ,37,12
assurance,ਦਿਲਾਸਾ,200,218
asthma,ਸਾਹ,5414,646
astrologer,ਪੰਡਿਤ,270,8
astrology,ਜੋਤਿਸ਼,15,66
attacker,ਹਮਲਾਵਰ,2231,369
attraction,ਆਕਰਸ਼ਣ,39,364
attractiveness,ਆਕਰਸ਼ਣ,39,67
audacity,ਜਿੱਦੀ,10,28
august,ਅਗਸਤ,19,30
aunt,ਚਾਚੀ,99,79
aunty,ਚਾਚੀ,99,20
author,ਲੇਖਕ,3972,1629
automation,ਮਸ਼ੀਨੀਕਰਨ,24,99
autopsy,ਪੋਸਟਮਾਰਟਮ,5982,858
autumn,ਪੱਤਝੜ,12,723
aviation,ਹਵਾਈ,8311,592
bachelor,ਕੁਆਰਾ,42,299
backbone,ਰੀੜ,185,222
baddie,ਖਲਨਾਇਕ,91,9
baldness,ਗੰਜਾਪਨ,13,74
banana,ਕੇਲਾ,131,223
bank,ਬੈਂਕ,9434,6626
banknote,ਨੌਟ,14,11
barber,ਨਾਈ,23,20
bark,ਛਿਲਕਾ,31,82
barometer,ਬੈਰੋਮੀਟਰ,30,31
barren,ਕੱਲਰ,19,28
basil,ਤੁਲਸੀ,200,139
bath,ਬਾਥਰੂਮ,8104,1529
bathroom,ਬਾਥਰੂਮ,8104,4721
beak,ਚੁੰਝ,43,18
bearer,ਧਾਰਕ,369,32
beast,ਕਸਾਈ,13,88
begging,ਭੀਖ,77,73
beginner,ਮੋਢੀ,75,58
belching,ਡਕਾਰ,42,9
benny,ਤਿਲ,247,9
bhutan,ਭੂਟਾਨ,261,210
bigotry,ਕੱਟੜਤਾ,52,18
bihari,ਬਿਹਾਰੀ,415,331
binding,ਆਵਰਣ,9,123
binoculars,ਦੂਰਬੀਨ,39,13
biology,ਬਾਇਓਲਾਜੀ,18,263
biomass,ਬਾਲਣ,568,26
biopsy,ਜਾਂਚ,43163,57
bird,ਫਰਾਟਾ,22,577
birthright,ਵਿਰਾਸਤ,908,10
bite,ਜ਼ਖਮ,69,232
bodice,ਝੋਲੀ,182,9
bondage,ਗੁਲਾਮੀ,78,16
bonus,ਬੋਨਸ,353,216
boo,ਫਰਾਟਾ,22,24
boom,ਗਰਜ,94,68
bounce,ਕੁੱਦਣਾ,10,75
bouquet,ਗੁਲਦਸਤਾ,147,115
boxing,ਧੱਕਾ-ਮੁੱਕੀ,81,335
brahmaputra,ਬ੍ਰਹਮਪੁੱਤਰ,39,36
braille,ਬ੍ਰੇਲ,13,13
brass,ਪਿੱਤਲ,140,126
breeze,ਖੇਡ,12559,80
brick,ਇੱਟ,324,271
british,ਬ੍ਰਿਟਿਸ਼,457,1892
bronze,ਕਾਸ਼ੀ,27,909
broom,ਝਾੜੂ,86,39
brotherhood,ਭਾਈਚਾਰਾ,284,73
bud,ਕਲੀ,35,39
buddha,ਗੌਤਮ,540,57
buddy,ਅਜ਼ੀਜ਼,101,83
budget,ਬਜਟ,3035,2274
buff,ਭਗਤ,1095,42
bug,ਛੇੜਣਾ,9,106
bull,ਬ੍ਰਿਖ,14,67
bungalow,ਬੰਗਲਾ,133,58
burma,ਬ੍ਰਹਮਾ,72,48
burning,ਦਾਹ,14,999
businessman,ਵਪਾਰੀ,656,429
butter,ਮੱਖਣ,398,1442
buttermilk,ਲੱਸੀ,65,36
cabinet,ਮੰਤਰੀਮੰਡਲ,45,4808
calendar,ਕਲੰਡਰ,42,470
caliber,ਗੁਣਵੱਤਾ,7418,17
calibre,ਗੁਣਵੱਤਾ,7418,16
calligraphy,ਸੁਲੇਖ,13,12
campground,ਛਾਉਣੀ,225,11
camphor,ਕਪੂਰ,8978,10
campsite,ਛਾਉਣੀ,225,10
cardamom,ਇਲਾਇਚੀ,93,106
carelessness,ਲਾਪਰਵਾਹੀ,707,82
cartoon,ਕਾਰਟੂਨ,282,125
carver,ਮੂਰਤੀਕਾਰ,19,9
cashew,ਕਾਜੂ,72,35
casket,ਤਾਬੂਤ,34,12
catch,ਫੜਨਾ,77,746
caucasian,ਅੰਗਰੇਜ,27,26
cave,ਗੁਫਾ,170,171
censor,ਸੈਂਸਰ,488,50
cervix,ਮਣੀ,38,70
chair,ਸਭਾਪਤੀ,60,783
chairman,ਸਭਾਪਤੀ,60,2708
chairmanship,ਪ੍ਰਧਾਨਗੀ,2681,251
chairperson,ਸਭਾਪਤੀ,60,706
challenger,ਪ੍ਰਤੀਯੋਗੀ,165,54
chancellor,ਪ੍ਰਧਾਨਮੰਤਰੀ,762,292
chandi,ਚੰਡੀ,10,11
charm,ਮੋਹਣਾ,75,242
checkup,ਜਾਂਚ,43163,85
cheek,ਗੱਲ੍ਹ,49,24
cheetah,ਚੀਤਾ,58,16
cheque,ਚੈੱਕ,2208,162
cherry,ਚੈਰੀ,208,135
childhood,ਬਚਪਨ,2597,1602
chile,ਮਿਰਚ,1118,84
chili,ਮਿਰਚ,1118,86
chilli,ਮਿਰਚ,1118,82
chilly,ਮਿਰਚ,1118,105
chum,ਅਜ਼ੀਜ਼,101,9
cinnamon,ਦਾਲਚੀਨੀ,153,173
circus,ਸਰਕਸ,85,54
citizen,ਨਾਗਰਿਕ,3829,986
citizenship,ਨਾਗਰਿਕਤਾ,1356,1076
city,ਮਹਾਂਨਗਰ,93,13695
civilisation,ਸੱਭਿਅਤਾ,94,29
civilization,ਸੱਭਿਅਤਾ,94,136
clay,ਚਿੱਕੜ,149,380
cleaning,ਸਫ਼ਾਈ,553,1319
cleansing,ਸਫ਼ਾਈ,553,309
cleanup,ਸਫ਼ਾਈ,553,26
climb,ਉਚਾਈ,1970,203
closure,ਨਿਪਟਾਰਾ,962,230
cloud,ਬੱਦਲ,539,210
clout,ਮੁੱਕਾ,23,26
clove,ਲੌਂਗ,111,53
coat,ਲੇਪ,102,316
coating,ਲੇਪ,102,270
cobra,ਨਾਗ,32,13
coffin,ਤਾਬੂਤ,34,29
coloring,ਰੰਗ,21274,442
colouring,ਰੰਗ,21274,73
coma,ਰੂੰ,77,51
comb,ਕੰਘੀ,139,69
combustion,ਦਾਹ,14,67
commencement,ਆਰੰਭ,2035,88
comment,ਟਿੱਪਣੀ,4984,3346
comparison,ਉਪਮਾ,21,412
compass,ਸਮਝਿਆ,1195,34
compendium,ਸੰਗ੍ਰਿਹ,141,11
competitor,ਪ੍ਰਤੀਯੋਗੀ,165,37
complainant,ਮੁਦਈ,45,317
complication,ਪਰੇਸ਼ਾਨੀ,1273,115
compound,ਯੋਗਿਕ,19,348
comptroller,ਲੇਖਾਕਾਰ,29,17
computer,ਕੰਪਿਊਟਰ,5192,4216
conch,ਸੰਖ,14,8
conductor,ਕੰਡਕਟਰ,289,222
confirmation,ਪ੍ਰਮਾਣੀਕਰਨ,18,1068
congress,ਕਾਂਗਰਸ,35675,31124
consecration,ਸ਼ੁੱਧੀਕਰਨ,9,8
constituent,ਵਿਅੰਗ,136,123
construction,ਪਦ,171,3583
consulate,ਦੂਤਾਵਾਸ,494,175
consumer,ਉਪਭੋਗਤਾ,1006,779
contact,ਛੂਹਣਾ,38,9123
contender,ਪ੍ਰਤੀਯੋਗੀ,165,43
contestant,ਵਿਰੋਧੀ,7649,75
context,ਸੰਦਰਭ,634,625
continent,ਮਹਾਦੀਪ,239,497
contrast,ਰੇਖਾ,1147,279
controller,ਲੇਖਾਕਾਰ,29,228
convener,ਸਭਾਪਤੀ,60,232
cooking,ਰਸੋਈ,2973,1663
cool,ਠੰਡਕ,38,4961
corner,ਕੋਨਾ,43,782
coronation,ਤਾਜਪੋਸ਼ੀ,25,12
cottage,ਬੰਗਲਾ,133,459
cotton,ਕਪਾਹ,463,706
counsel,ਕੌਂਸਲਿੰਗ,95,427
counseling,ਕੌਂਸਲਿੰਗ,95,136
counselling,ਕੌਂਸਲਿੰਗ,95,150
counterfeit,ਨਕਲ,404,40
coupon,ਕੂਪਨ,97,44
covering,ਢਕਣਾ,9,319
crane,ਕਰੇਨ,54,67
cremation,ਸੰਸਕਾਰ,657,98
crime,ਅਪਰਾਧ,2206,3054
crony,ਅਜ਼ੀਜ਼,101,15
crore,ਕਰੋੜ,8690,4613
crossing,ਚੌਂਕ,112,345
crow,ਕਾਂ,113,28
crystal,ਬਲੌਰ,32,188
cuba,ਕਿਊਬਾ,190,115
cuff,ਹੱਥਕੜੀ,29,27
curd,ਦਹੀ,39,169
current,ਕਰੰਟ,256,3185
curriculum,ਪਾਠਕ੍ਰਮ,180,169
curse,ਸਰਾਪ,120,98
curvature,ਵਿੰਗ,1001,15
curve,ਵਿੰਗ,1001,42
custody,ਕੈਦ,2534,3775
cycle,ਚੱਕਰ,1529,732
dairy,ਡੇਰੀ,26,994
dak,ਢੱਕ,528,11
dare,ਲਲਕਾਰ,27,284
daring,ਲਲਕਾਰ,27,117
deadlock,ਜਾਮ,1481,108
debtor,ਦੇਣਦਾਰ,18,13
deceit,ਕਹਿਣਾ,11520,36
defendant,ਵਿਰੋਧੀ,7649,65
degradation,ਨੀਵਾਂ,133,27
demand,ਮੰਗ,17174,3191
demarcation,ਰੇਖਾ,1147,18
deportation,ਕੱਢਣਾ,418,28
depot,ਗੁਦਾਮ,33,42
desert,ਰੇਗਿਸਤਾਨ,40,167
destiny,ਹੋਣੀ,6868,193
destroyer,ਵਿਨਾਇਕ,14,14
detention,ਕੈਦ,2534,291
devotee,ਭਗਤ,1095,77
dialect,ਬੋਲੀ,1084,34
diameter,ਵਿਆਸ,493,444
diarrhea,ਦਸਤ,314,177
diarrhoea,ਦਸਤ,314,45
diary,ਡਾਇਰੀ,185,111
dice,ਪਾਸਾ,249,39
dictator,ਤਾਨਾਸ਼ਾਹ,130,47
diction,ਸ਼ਬਦਾਵਲੀ,94,11
dictionary,ਕੋਸ਼,76,51
die,ਪਾਸਾ,249,2090
disagreement,ਮਤਭੇਦ,519,63
disbelief,ਅਵਿਸ਼ਵਾਸ,14,19
discomfort,ਘਬਰਾਹਟ,647,554
dish,ਕਾਮਿਨੀ,18,805
disqualification,ਨਾਲਾਇਕ,9,57
dissension,ਮਤਭੇਦ,519,9
dissolution,ਸੰਭੋਗ,127,31
dissonance,ਮਤਭੇਦ,519,9
distributor,ਦੁਕਾਨਦਾਰ,260,35
diversity,ਅਨੇਕਤਾ,38,308
divorce,ਤਲਾਕ,1152,534
doctrine,ਦਰਸ਼ਨ,832,74
doll,ਪੁਤਲਾ,199,82
dolly,ਪੁਤਲਾ,199,11
donation,ਚੰਦਾ,118,569
dorm,ਹੋਸਟਲ,423,24
dormitory,ਹੋਸਟਲ,423,11
double,ਦੁਗਣਾ,45,1370
draft,ਮਸੌਦਾ,42,408
dramatist,ਨਾਟਕਕਾਰ,64,10
dreamer,ਆਦਰਸ਼ਵਾਦੀ,9,85
driving,ਚਲਾਉਣਾ,391,1356
dummy,ਪੁਤਲਾ,199,29
durbar,ਦਰਬਾਰ,722,10
dynamics,ਡਾਇਨਾਮਿਕਸ,15,66
ear,ਕੰਨ,831,409
earthquake,ਭੂਚਾਲ,2051,1032
eating,ਅਹਾਰ,24,3267
economics,ਅਰਥਸ਼ਾਸਤਰ,26,340
edible,ਖਾਣਪੀਣ,22,179
editing,ਸੰਪਾਦਨ,89,64
eggplant,ਬੈਂਗਣ,35,55
elbow,ਕੂਹਣੀ,69,90
election,ਚੌਣ,12,6495
elector,ਵੋਟਰ,730,10
element,ਵਿਅੰਗ,136,1123
ember,ਕੋਲੇ,433,13
embrace,ਜੱਫੀ,100,141
embracing,ਜੱਫੀ,100,30
emerald,ਪੰਨਾ,303,35
empire,ਸਾਮਰਾਜ,259,215
emptiness,ਖਾਲੀਪਣ,23,26
enactment,ਅਧਿਨਿਯਮ,43,28
endurance,ਸਹਿਣਸ਼ੀਲਤਾ,184,112
energy,ਊਰਜਾ,4140,3543
engineer,ਇੰਜੀਨੀਅਰ,655,434
engineering,ਤਕਨੀਕ,2553,1223
envelope,ਪਰਦਾ,242,82
environment,ਵਾਤਾਵਰਣ,3174,3223
epilepsy,ਮਿਰਗੀ,143,51
equestrian,ਘੋੜਸਵਾਰ,21,21
eruption,ਪ੍ਰਕੋਪ,511,39
eternity,ਮੁਕਤੀ,462,46
ethic,ਨੀਤੀ,3780,15
europe,ਯੂਰਪ,2199,1777
evaluation,ਮੁਲਾਂਕਣ,1402,269
everest,ਐਵਰੈਸਟ,57,52
exam,ਪ੍ਰਸ਼ਨਾਵਲੀ,15,1862
excellency,ਸੁੰਦਰਤਾ,2711,11
excretion,ਮਲ,62,18
execution,ਸੰਪਾਦਨ,89,330
executive,ਕਾਰਜਕਾਰੀ,1653,1350
exile,ਕੱਢਣਾ,418,34
experiment,ਪ੍ਰਯੋਗ,882,585
experimentation,ਪ੍ਰਯੋਗ,882,34
expiration,ਸਵਾਸ,72,78
exploitation,ਸ਼ੋਸ਼ਣ,497,97
export,ਨਿਰਯਾਤ,332,298
exporter,ਨਿਰਯਾਤਕ,21,96
extension,ਪ੍ਰਸਾਰਨ,184,363
eyebrow,ਭਰਵੱਟੇ,265,13
eyelid,ਪਲਕ,58,25
fable,ਦੰਤਕਥਾ,54,14
fake,ਪਖੰਡੀ,24,1032
falls,ਝਰਨਾ,101,910
fan,ਭਗਤ,1095,1134
fanatic,ਕੱਟੜਪੰਥੀ,215,22
farmer,ਕਿਸਾਨ,14179,2621
fate,ਹੋਣੀ,6868,484
february,ਫਰਵਰੀ,9,22
feeding,ਅਹਾਰ,24,460
fenugreek,ਮੇਥੀ,122,50
fiance,ਮੰਗੇਤਰ,123,25
fiction,ਬਾਤ,564,267
fig,ਅੰਜੀਰ,117,166
filling,ਭਰਾਈ,170,594
final,ਫਾਇਨਲ,76,4418
finance,ਅਰਥਵਿਵਸਥਾ,578,2989
fish,ਮੀਨ,32,1624
fist,ਮੁੱਕਾ,23,21
flashlight,ਬੈਟਰੀ,1798,33
flesh,ਮਾਸ,862,145
fog,ਕੋਰਾ,158,251
foil,ਪੱਤਰ,6467,192
forehead,ਮੱਥਾ,342,149
forgery,ਨਕਲ,404,56
formality,ਅਨੁਸ਼ਾਸਨ,159,24
formulation,ਬਿਆਨ,13646,68
founder,ਮੋਢੀ,75,624
fraud,ਪਖੰਡੀ,24,505
frequency,ਬਾਰੰਬਾਰਤਾ,113,294
freshness,ਤਾਜਗੀ,13,73
friction,ਰਗੜ,187,82
frog,ਡੱਡੂ,68,28
frown,ਤੇਵਰ,27,33
fury,ਪ੍ਰਕੋਪ,511,46
gallery,ਛੱਜਾ,14,428
ganges,ਗੰਗਾ,390,43
gardener,ਮਾਲੀ,821,21
garlic,ਲਸਣ,1381,645
gauri,ਗੌਰੀ,321,251
gemini,ਮਿਥੁਨ,79,22
gender,ਲਿੰਗ,773,336
generator,ਜਰਨੇਟਰ,35,165
genre,ਸ਼ੈਲੀ,297,220
geography,ਭੂਗੋਲ,129,96
germination,ਫੁੱਟਣ,10,78
ghat,ਘਾਟ,4180,53
girlfriend,ਸਾਥੀ,3052,374
gita,ਗੀਤਾ,302,81
giving,ਪ੍ਰਦਾਨ,7000,2952
glacier,ਗਲੇਸ਼ੀਅਰ,25,75
grad,ਗ੍ਰੈਜੂਏਟ,653,10
graduate,ਗ੍ਰੈਜੂਏਟ,653,671
grain,ਦਾਨਾ,18,396
grandfather,ਨਾਨਾ,213,304
grandpa,ਨਾਨਾ,213,26
grape,ਅੰਗੂਰ,410,77
graphics,ਦਸਤਕਾਰੀ,76,163
grass,ਘਾਹ,318,228
greatness,ਵਿਸ਼ਾਲਤਾ,12,97
green,ਹਰਾ,1807,3370
greenhouse,ਨਰਸਰੀ,204,177
grinder,ਚੱਕੀ,53,29
guava,ਅਮਰੂਦ,159,21
guidance,ਕੌਂਸਲਿੰਗ,95,590
guide,ਮਾਰਗਦਰਸ਼ਕ,20,631
gujarat,ਗੁਜਰਾਤ,3268,2647
hair,ਰੋਮ,289,5978
hand,ਪਹੁੰਚਾਉਣਾ,183,4506
handicraft,ਦਸਤਕਾਰੀ,76,13
handiwork,ਦਸਤਕਾਰੀ,76,12
hanging,ਫਾਂਸੀ,837,418
hawaii,ਹਵਾਈ,8311,17
hawking,ਫੇਰੀ,694,29
headmaster,ਪ੍ਰਿਸੀਪਲ,22,57
headmistress,ਪ੍ਰਿਸੀਪਲ,22,17
headquarters,ਸਦਰ,1346,853
hearing,ਸੁਣਨ,1691,3298
hearsay,ਅਫਵਾਹ,364,31
heir,ਵਾਰਿਸ,57,50
hell,ਨਰਕ,104,830
herd,ਵੱਗ,120,34
hg,ਪਾਰਾ,244,68
hiccup,ਹਿਚਕੀ,21,27
hind,ਹਿਰਨੀ,10,47
hindi,ਹਿੰਦੀ,2789,2178
hindu,ਹਿੰਦੂ,3402,2166
hinduism,ਹਿੰਦੂਤਵ,104,183
hiss,ਫਰਾਟਾ,22,8
history,ਇਤਿਹਾਸ,8711,7932
hit,ਧੱਕਾ,528,3058
hitting,ਧੱਕਾ,528,288
holder,ਧਾਰਕ,369,236
holiday,ਛੁੱਟੀ,3866,1818
holy,ਧਾਮ,120,989
homeowner,ਘਰਵਾਲਾ,9,32
hoot,ਫਰਾਟਾ,22,15
horizon,ਪੱਛਮ,838,62
horse,ਘੋੜਾ,161,235
hospital,ਹਸਪਤਾਲ,29614,23816
humankind,ਮਨੁਖ,88,43
humans,ਮਨੁਖ,88,1757
humidity,ਨਮੀ,1591,556
hunger,ਭੁੱਖ,1391,549
hunt,ਸ਼ਿਕਾਰ,1507,537
hunting,ਸ਼ਿਕਾਰ,1507,148
hyderabad,ਹੈਦਰਾਬਾਦ,1449,1076
idealist,ਆਦਰਸ਼ਵਾਦੀ,9,9
idiom,ਬੋਲੀ,1084,20
idol,ਮੂਰਤੀ,667,155
imbalance,ਅਸੰਤੁਲਨ,136,97
imitation,ਨਕਲ,404,68
immigrant,ਪ੍ਰਵਾਸੀ,767,69
immigration,ਪ੍ਰਵਾਸ,87,313
immorality,ਅਨੈਤਿਕਤਾ,11,9
impartiality,ਨਿਰਪੱਖਤਾ,252,13
impasse,ਜਾਮ,1481,58
impossible,ਅਨਹੋਣੀ,1414,2849
impotence,ਨਪੁੰਸਕਤਾ,28,13
incentive,ਬੋਨਸ,353,108
indecency,ਅਸ਼ਲੀਲਤਾ,16,10
indicator,ਸੰਕੇਤਕ,174,468
indigestion,ਬਦਹਜ਼ਮੀ,47,52
indigo,ਨੀਲ,330,120
indus,ਸਿੰਧ,445,90
infection,ਸੰਕਰਮਣ,424,3214
infinite,ਖਗੋਲ,56,127
ingredient,ਵਿਅੰਗ,136,232
insanity,ਪਾਗਲਪਣ,60,40
insecurity,ਅਸੁਰੱਖਿਆ,67,57
inside,ਅੰਦਰੂਨੀ,4534,3800
instability,ਅਸੰਤੁਲਨ,136,89
instinct,ਸੁਭਾਵਿਕ,258,48
interchange,ਨਿਯਮਿਤ,1545,23
interior,ਅੰਦਰੂਨੀ,4534,1908
intermediary,ਵਿਚੋਲਾ,23,32
interrogation,ਸੁਆਲ,904,776
intersection,ਚੌਂਕ,112,59
interval,ਅੰਤਰਾਲ,266,69
inverse,ਗਿਣਤੀ,22079,35
investor,ਨਿਵੇਸ਼ਕ,126,157
irritation,ਘਬਰਾਹਟ,647,202
jack,ਕਟਲ,10,165
jackfruit,ਕਟਲ,10,10
january,ਜਨਵਰੀ,14,22
jeep,ਜੀਪ,188,85
jenny,ਗਧੀ,16,14
jinx,ਸਰਾਪ,120,11
joker,ਜੋਕਰ,30,20
journalism,ਪੱਤਰਕਾਰੀ,196,147
july,ਜੁਲਾਈ,18,34
junction,ਜੋੜ,1653,70
june,ਜੂਨ,14,34
jupiter,ਗੁਰੂ,9396,22
jurisprudence,ਨਿਆ,100,21
justification,ਪ੍ਰਮਾਣਿਕਤਾ,141,72
jute,ਜੂਟ,23,29
kalki,ਕਲਿਕ,933,27
kangaroo,ਕੰਗਾਰੂ,19,14
karnataka,ਕਰਨਾਟਕ,1773,1701
kartik,ਕੱਤਕ,23,129
kathmandu,ਕਾਠਮਾਂਡੂ,14,89
kilometer,ਕਿਲੋਮੀਟਰ,4202,89
kilometre,ਕਿਲੋਮੀਟਰ,4202,47
km,ਕਿਲੋਮੀਟਰ,4202,1731
knee,ਗੋਡਾ,39,569
knitting,ਬੁਨਾਈ,9,74
knockout,ਕਾਮਿਨੀ,18,44
korea,ਕੋਰੀਆ,1743,911
kos,ਕੋਹ,30,12
ladder,ਪੌੜੀ,135,79
lakh,ਲੱਖ,10980,6953
lama,ਲਾਮਾ,59,58
lament,ਵਿਰਲਾਪ,41,15
laugh,ਹੱਸਣਾ,54,643
lava,ਲਾਵਾ,79,49
law,ਨਿਆ,100,7928
leap,ਕੁੱਦਣਾ,10,84
learner,ਵਿਦਿਆਰਥਣ,690,19
learning,ਵਿਦਵਤਾ,24,2155
leather,ਚਮੜਾ,47,450
legend,ਦੰਤਕਥਾ,54,448
legislator,ਵਿਧਾਇਕ,6469,252
lemon,ਨਿੰਬੂ,2089,1018
liaison,ਵਿਭਚਾਰ,43,53
library,ਲਾਇਬ੍ਰੇਰੀ,426,661
lick,ਮੁੱਕਾ,23,19
limit,ਸੀਮਾ,2614,1318
limitation,ਸੀਮਾ,2614,96
lioness,ਸ਼ੇਰਨੀ,9,11
liquidity,ਤਰਲਤਾ,40,35
listening,ਸੁਣਨ,1691,992
lit,ਸਾਹਿਤ,1488,198
literacy,ਸਾਖਰਤਾ,85,110
liver,ਜਿਗਰ,1090,1121
locality,ਮਹੱਲਾ,23,274
loneliness,ਤਨਹਾਈ,16,134
lover,ਭਗਤ,1095,437
lulu,ਕਾਮਿਨੀ,18,8
lump,ਸੋਜ,720,99
lust,ਕਾਮੁਕਤਾ,24,50
lyricist,ਗੀਤਕਾਰ,223,75
madness,ਪ੍ਰਕੋਪ,511,94
madras,ਤਾਮਿਲਨਾਡੂ,1013,213
magician,ਜਾਦੂਗਰ,67,23
magnet,ਚੁੰਬਕ,51,37
magnolia,ਚੰਬਾ,66,10
mahabharata,ਮਹਾਂਭਾਰਤ,13,18
maharashtra,ਮਹਾਂਰਾਸ਼ਟਰ,143,3513
mainstay,ਸਤੰਭ,11,70
majority,ਬਹੁਮੱਤ,96,2609
makeup,ਸ਼ਿੰਗਾਰ,19,286
malnutrition,ਕੁਪੋਸ਼ਣ,100,89
mammal,ਥਣਧਾਰੀ,25,16
manager,ਕੋਚ,1828,901
manipur,ਮਨੀਪੁਰ,188,242
mankind,ਮਨੁਖ,88,359
manufacturer,ਉਤਪਾਦਕ,489,958
map,ਨਕਸ਼ਾ,88,588
marathi,ਮਰਾਠੀ,254,244
marble,ਗੋਲੀ,3591,95
marching,ਪਰੇਡ,712,115
margin,ਮਾਰਜਨ,15,250
married,ਵਿਆਹਿਆ,319,4370
martyr,ਸ਼ਹੀਦ,2943,212
marvel,ਅਜਬ,35,66
masking,ਢਕਣਾ,9,16
math,ਗਣਿਤ,352,97
mathematics,ਗਣਿਤ,352,191
maths,ਗਣਿਤ,352,26
matter,ਮਾਮਲਾ,28060,16392
maxim,ਪੰਗਤੀ,30,52
measure,ਬਿੱਲ,3790,1208
mechanization,ਮਸ਼ੀਨੀਕਰਨ,24,17
medical,ਜਾਂਚ,43163,11381
medicine,ਡਾਕਟਰੀ,2892,3444
meditation,ਧਿਆਨ,29842,154
melody,ਲੈਅ,398,32
menstruation,ਮਹੀਨਾ,775,187
menu,ਮੀਨੂ,152,608
meteor,ਉਲਕਾ,10,19
meter,ਤਾਲ,121,407
metre,ਤਾਲ,121,129
metropolis,ਮਹਾਂਨਗਰ,93,76
microbe,ਕੀਟ,85,11
microscope,ਮਾਈਕਰੋਸਕੋਪ,21,45
midday,ਦੁਪਹਿਰ,1852,30
midwife,ਦਾਈ,36,36
mill,ਚੱਕੀ,53,141
millet,ਬਾਜਰਾ,40,35
minus,ਘਟਾਉਣਾ,569,187
misfortune,ਬਦਕਿਸਮਤੀ,1548,41
miss,ਕੁਮਾਰੀ,349,1082
mister,ਸ਼੍ਰੀ,2025,12
misuse,ਦੁਰਉਪਯੋਗ,27,192
mitra,ਮਿੱਤਰ,1251,90
mixing,ਮਿਸ਼ਰਣ,565,255
modernism,ਆਧੁਨਿਕਤਾ,131,14
modernity,ਆਧੁਨਿਕਤਾ,131,90
mohammad,ਮਹੁੰਮਦ,9,693
mohammed,ਮਹੁੰਮਦ,9,500
mole,ਤਿਲ,247,31
monday,ਸੋਮਵਾਰ,73,84
morale,ਮਨੋਬਲ,307,122
morbidity,ਰੋਗ,6563,15
motor,ਪ੍ਰੇਰਕ,289,985
motto,ਨਾਅਰਾ,168,68
mountaineer,ਪਰਬਤਾਰੋਹੀ,15,11
mouthpiece,ਬੁਲਾਰਾ,183,55
mr,ਸ਼੍ਰੀ,2025,11018
ms,ਸ਼੍ਰੀ,2025,856
mud,ਚਿੱਕੜ,149,142
muhammad,ਮਹੁੰਮਦ,9,261
museum,ਅਜਾਇਬਘਰ,117,2269
music,ਸੰਗੀਤ,4744,4774
myanmar,ਬ੍ਰਹਮਾ,72,223
mysore,ਕਰਨਾਟਕ,1773,35
nail,ਫੜਨਾ,77,286
narrator,ਸੂਤਰਧਾਰ,31,19
natural,ਪਾਤਰ,820,6007
ne,ਉੱਤਰ-ਪੂਰਬ,206,28
necessity,ਲੋੜ,47571,293
nectar,ਅੰਮ੍ਰਿਤ,192,28
neem,ਨਿੰਮ,101,85
neighbor,ਗੁਆਂਡੀ,9,389
neighborhood,ਮਹੱਲਾ,23,115
neighbour,ਗੁਆਂਡੀ,9,215
neighbourhood,ਮਹੱਲਾ,23,162
nepal,ਨੇਪਾਲ,1386,1024
neptune,ਵਰੁਣ,636,10
nest,ਆਲ੍ਹਣਾ,36,45
node,ਗੱਠ,52,41
noon,ਦੁਪਹਿਰ,1852,14
northeast,ਉੱਤਰ-ਪੂਰਬ,206,365
noun,ਨਾਂਵ,26,45
novel,ਨਾਵਲ,1058,878
november,ਨਵੰਬਰ,11,21
nun,ਸਾਧਵੀ,106,19
nursery,ਨਰਸਰੀ,204,142
nursing,ਸੇਵਾ,12289,485
nutrition,ਪੌਸ਼ਟਿਕ,539,1488
october,ਅਕਤੂਬਰ,12,26
offspring,ਕੱਟਾ,41,60
oil,ਤੇਲ,10111,7957
ooze,ਚਿੱਕੜ,149,15
opium,ਅਫੀਮ,184,119
opponent,ਵਿਰੋਧੀ,7649,130
oppression,ਦਮਨ,92,83
optimism,ਆਸ਼ਾਵਾਦ,309,39
optimist,ਆਸ਼ਾਵਾਦੀ,34,87
orbiter,ਸੈਟੇਲਾਇਟ,11,37
organiser,ਪ੍ਰਬੰਧਕ,1737,15
organizer,ਪ੍ਰਬੰਧਕ,1737,31
outbreak,ਪ੍ਰਕੋਪ,511,1114
outing,ਪਿਕਨਿਕ,118,123
ovary,ਅੰਡਕੋਸ਼,10,31
oven,ਭੱਠੀ,150,332
overhaul,ਕੱਢਣਾ,418,28
owl,ਉੱਲੂ,185,48
painter,ਪੇਂਟਰ,34,123
paisa,ਪੈਸਾ,4624,19
pakistani,ਪਾਕਿਸਤਾਨੀ,2825,2417
pal,ਅਜ਼ੀਜ਼,101,570
palate,ਤਾਲੂ,20,10
pali,ਪਾਲੀ,73,11
palm,ਹਥੇਲੀ,52,184
palsy,ਲਕਵਾ,23,13
panel,ਜੂਰੀ,11,1324
panjabi,ਪੰਜਾਬੀ,4498,8
papaya,ਪਪੀਤਾ,83,36
parade,ਪਰੇਡ,712,369
paralysis,ਲਕਵਾ,23,54
parasite,ਚਿੱਚੜ,17,39
park,ਪਾਰਕ,4327,3560
parliament,ਸੰਸਦ,8084,4014
parliamentarian,ਸੰਸਦੀ,1369,78
partition,ਵਿਭਾਜਨ,56,236
parvati,ਅੰਨਪੂਰਣਾ,10,43
pass,ਪਾਸ,6509,1735
passenger,ਸਵਾਰੀ,416,964
passion,ਖੁਜਲੀ,347,636
pathogen,ਰੋਗਾਣੂ,185,56
patriot,ਦੇਸ਼ਭਗਤ,17,16
patriotism,ਰਾਸ਼ਟਰੀਅਤਾ,14,29
paw,ਹੱਥ,7707,8
peach,ਕਾਮਿਨੀ,18,68
peculiarity,ਵਿਲੱਖਣਤਾ,274,178
peddling,ਫੇਰੀ,694,44
pee,ਪਿਸ਼ਾਬ,21,17
peninsula,ਪ੍ਰਾਇਦੀਪ,171,198
penis,ਲਿੰਗ,773,35
pension,ਪੈਨਸ਼ਨ,469,621
perfect,ਭੂਤਕਾਲ,11,4195
performance,ਸੰਪਾਦਨ,89,2711
pessimist,ਨਿਰਾਸ਼ਾਵਾਦੀ,11,75
pesticide,ਕੀਟਨਾਸ਼ਕ,74,63
pharmacy,ਮੈਡੀਕਲ,8855,262
philanthropist,ਪਰਉਪਕਾਰੀ,42,26
philosophy,ਦਰਸ਼ਨ,832,409
phlegm,ਬਲਗਮ,32,27
photographer,ਫੋਟੋਗ੍ਰਾਫਰ,367,385
phraseology,ਸ਼ਬਦਾਵਲੀ,94,9
pigeon,ਕਬੂਤਰ,112,11
pilgrimage,ਤੀਰਥ,362,126
pill,ਗੋਲੀ,3591,76
pilot,ਪਾਇਲਟ,1286,734
pinch,ਫੜਨਾ,77,208
pinky,ਨਿੱਕੀ,578,39
pisces,ਮੀਨ,32,15
piss,ਪਿਸ਼ਾਬ,21,15
plaintiff,ਮੁਦਈ,45,15
plane,ਉਡਾਉਣਾ,53,1264
playwright,ਨਾਟਕਕਾਰ,64,46
pledge,ਦਿਲਾਸਾ,200,175
plight,ਰੋਕਣਾ,742,159
plot,ਰਚਨਾ,2876,466
pocket,ਜੇਬ,345,226
pole,ਕਿੱਲਾ,12,117
politician,ਰਾਜਨੀਤੀਵਾਨ,14,518
popularity,ਪ੍ਰਸਿੱਧੀ,1159,949
porter,ਦਰਬਾਨ,13,18
pose,ਨਖ਼ਰਾ,15,359
postmortem,ਪੋਸਟਮਾਰਟਮ,5982,1354
potter,ਘੁਮਿਆਰ,17,36
poverty,ਗਰੀਬੀ,445,562
practice,ਸਾਧਨਾ,103,2506
predicament,ਦੁਰਦਸ਼ਾ,69,33
premises,ਵਿਹੜਾ,42,955
present,ਵਰਤਮਾਨ,2601,24068
presidency,ਪ੍ਰਧਾਨਗੀ,2681,131
pressure,ਦਬਾਅ,3385,4490
pretence,ਨਾਟਕ,725,19
pretending,ਨਾਟਕ,725,40
pretense,ਨਾਟਕ,725,13
prey,ਸ਼ਿਕਾਰ,1507,130
printing,ਛਪਾਈ,169,195
prior,ਮਹੰਤ,107,1333
producer,ਉਤਪਾਦਕ,489,862
prof,ਪ੍ਰੋਫੈਸਰ,889,549
professor,ਪ੍ਰੋਫੈਸਰ,889,562
program,ਪਾਠਕ੍ਰਮ,180,4221
programme,ਪਾਠਕ੍ਰਮ,180,5150
projector,ਪ੍ਰੋਜੈਕਟਰ,30,36
promptness,ਚੁਸਤੀ,84,8
proposal,ਰਿਸ਼ਤਾ,878,1461
prose,ਗਦ,24,53
prostitute,ਵੇਸਵਾ,23,15
protein,ਪ੍ਰੋਟੀਨ,4358,2990
protester,ਵਿਰੋਧੀ,7649,64
psychology,ਮਨੋਵਿਗਿਆਨ,674,599
publication,ਪ੍ਰਕਾਸ਼ਨ,87,247
publisher,ਪ੍ਰਕਾਸ਼ਕ,32,52
publishing,ਪ੍ਰਕਾਸ਼ਨ,87,127
puffiness,ਸੋਜ,720,33
pulse,ਧੜਕਣਾ,9,176
pumpkin,ਕੱਦੂ,184,255
punch,ਮੁੱਕਾ,23,39
punjabi,ਪੰਜਾਬੀ,4498,1916
pushover,ਖੇਡ,12559,12
pyre,ਚਿਤਾ,13,9
qaeda,ਅਲਕਾਇਦਾ,137,65
quake,ਭੂਚਾਲ,2051,411
quality,ਗੁਣਵੱਤਾ,7418,8842
quarry,ਸ਼ਿਕਾਰ,1507,26
quartz,ਬਲੌਰ,32,27
queen,ਰਾਣੀ,809,450
quota,ਕੋਟਾ,261,222
radical,ਧਾਤੂ,229,233
radish,ਮੂਲੀ,111,69
raise,ਉਚਾਈ,1970,1401
ram,ਮੇਖ,100,4660
ramayana,ਰਮਾਇਣ,47,47
ransom,ਫਿਰੌਤੀ,189,81
rapist,ਬਲਾਤਕਾਰੀ,24,40
raspberry,ਫਰਾਟਾ,22,49
rating,ਮੁਲਾਂਕਣ,1402,411
reading,ਅਧਿਐਨ,4675,3274
rebirth,ਪੁਨਰਜਨਮ,18,18
rectangle,ਆਇਤ,92,27
recurrence,ਵਾਪਸੀ,2169,57
redevelopment,ਨਵੀਨੀਕਰਣ,25,44
referee,ਰੈਫਰੀ,56,53
reflection,ਅਕਸ,303,248
refugee,ਸ਼ਰਨਾਰਥੀ,68,81
refund,ਉੱਤਰਨਾ,12,242
rehearsal,ਪਰੈਕਟਿਸ,10,26
reincarnation,ਪੁਨਰਜਨਮ,18,20
rejuvenation,ਤਬਦੀਲੀ,5697,59
relevance,ਪ੍ਰਸੰਗਿਕਤਾ,14,136
remark,ਟਿੱਪਣੀ,4984,319
remembering,ਯਾਦ,11291,304
renovation,ਨਵੀਨੀਕਰਣ,25,126
replacement,ਵਾਰਿਸ,57,330
report,ਰਿਪੋਰਟ,11652,9142
reproduction,ਪ੍ਰਜਨਣ,18,170
requirement,ਮੰਗ,17174,565
resonance,ਗੂੰਜ,112,35
respite,ਅੰਤਰਾਲ,266,75
retaliation,ਬਦਲਾ,333,117
retirement,ਸੇਵਾਮੁਕਤੀ,60,440
revenge,ਬਦਲਾ,333,123
revenue,ਮਾਮਲਾ,28060,777
rhetoric,ਵਕਤਾ,17,67
rice,ਝੋਨਾ,337,1113
riches,ਧਨ,1160,21
richness,ਅਮੀਰੀ,91,40
rider,ਸਵਾਰੀ,416,315
ringing,ਘੰਟੀ,161,86
rival,ਪਾਉਣਾ,1300,195
roar,ਗਰਜ,94,45
roll,ਭਟਕਣਾ,54,531
rolling,ਘੋਸ਼ਣਾ,311,192
roof,ਛੱਤ,2242,711
roughness,ਕਰੂਰਤਾ,21,10
royal,ਹਿਰਨ,93,706
rub,ਰਗੜ,187,197
rubbing,ਰਗੜ,187,104
ruin,ਵਿਨਾਸ਼ਕਾਰੀ,44,177
rumor,ਅਫਵਾਹ,364,70
rumour,ਅਫਵਾਹ,364,130
rupee,ਰੁਪਏ,18234,468
sagittarius,ਧਨੁ,43,20
sale,ਬਿਕਰੀ,10,1377
sandalwood,ਚੰਦਨ,155,33
sanskrit,ਸੰਸਕ੍ਰਿਤ,233,179
sap,ਰਸ,2001,45
saree,ਸਾੜੀ,97,58
sari,ਸਾੜੀ,97,19
sash,ਪਟਕਾ,13,11
saturn,ਸ਼ਨੀ,13,9
satyagraha,ਸੱਤਿਆਗ੍ਰਹਿ,34,21
savage,ਕਸਾਈ,13,33
saver,ਤਰਨਤਾਰਨ,335,12
scare,ਡਰਾਉਣਾ,1634,338
schedule,ਪ੍ਰੋਗਰਾਮ,11566,943
scholar,ਵਿਦਿਆਰਥਣ,690,182
scissors,ਕੈਂਚੀ,27,50
score,ਅੰਕ,2700,822
scorpio,ਬ੍ਰਿਸ਼ਚਕ,35,73
scorpion,ਬ੍ਰਿਸ਼ਚਕ,35,16
scowl,ਤੇਵਰ,27,9
screening,ਢਕਣਾ,9,535
sculptor,ਮੂਰਤੀਕਾਰ,19,33
se,ਦੱਖਣ-ਪੂਰਬ,128,138
sea,ਸਾਗਰ,1505,3273
seam,ਸਿਲਾਈ,272,42
secretion,ਰਸ,2001,30
sedan,ਪਾਲਕੀ,54,36
segmentation,ਵਿਭਾਜਨ,56,9
semblance,ਅਹਿਸਾਸ,2171,9
semi,ਸੈਮੀਫਾਇਨਲ,65,56
semifinal,ਸੈਮੀਫਾਇਨਲ,65,161
semolina,ਸੂਜੀ,40,18
sensitivity,ਸੰਵੇਦਨਸ਼ੀਲਤਾ,77,305
sesame,ਤਿਲ,247,153
session,ਸਤਰ,161,2936
shade,ਛਾਂ,261,573
shadow,ਪਰਛਾਵਾਂ,63,138
shakti,ਸ਼ਕਤੀ,1232,165
sham,ਪਖੰਡੀ,24,158
shamelessness,ਬੇਸ਼ਰਮੀ,34,8
sheen,ਚਮਕ,648,22
shift,ਹਟਾਉਣਾ,270,427
shiite,ਸ਼ੀਆ,91,15
shopping,ਖਰੀਦਾਰੀ,95,919
shyness,ਸ਼ਰਮਿੰਦਗੀ,72,18
siddhartha,ਗੌਤਮ,540,17
signature,ਹਸਤਾਖਰ,400,128
sikkim,ਸਿੱਕਮ,144,130
sis,ਭੈਣ,2498,12
sister,ਭੈਣ,2498,1768
skepticism,ਅਵਿਸ਼ਵਾਸ,14,8
sketch,ਕਾਰਟੂਨ,282,69
skid,ਖਿਸਕਣ,293,9
skyline,ਪੱਛਮ,838,9
slavery,ਗੁਲਾਮੀ,78,46
sleeper,ਸੁੱਤਾ,300,27
slime,ਚਿੱਕੜ,149,16
slip,ਖਿਸਕਣ,293,98
slogan,ਨਾਅਰਾ,168,276
sludge,ਚਿੱਕੜ,149,9
smoke,ਤੰਬਾਕੂਨੋਸ਼ੀ,104,494
smoking,ਧੂੰਆਂ,255,959
smoothness,ਚਿਕਨਾਈ,24,16
snap,ਖਿੱਚਣਾ,157,64
socialism,ਸਮਾਜਵਾਦ,48,41
soreness,ਘਬਰਾਹਟ,647,80
south,ਦੱਖਣ,1277,4799
southeast,ਦੱਖਣ-ਪੂਰਬ,128,217
southwest,ਦੱਖਣ-ਪੱਛਮ,119,157
space,ਖਗੋਲ,56,3847
spectator,ਦਰਸ਼ਕ,345,78
sphere,ਮੰਡਲ,2624,398
spider,ਮੱਕੜੀ,62,53
spin,ਮਰੋੜ,71,158
sputum,ਬਲਗਮ,32,26
squirrel,ਕਾਟੋ,38,15
stalemate,ਜਾਮ,1481,87
standstill,ਜਾਮ,1481,154
stationery,ਸਟੇਸ਼ਨਰੀ,25,38
stem,ਧਾਤੂ,229,132
step,ਪੌੜੀ,135,4569
stone,ਪੱਥਰ,1784,1472
storage,ਗੁਦਾਮ,33,2043
storehouse,ਗੁਦਾਮ,33,57
storm,ਤੂਫਾਨ,854,795
storyteller,ਸੂਤਰਧਾਰ,31,21
striking,ਧੱਕਾ,528,296
student,ਵਿਦਿਆਰਥਣ,690,2682
stunner,ਕਾਮਿਨੀ,18,14
subcontinent,ਉਪਮਹਾਂਦੀਪ,23,92
subdivision,ਉਪਭਾਗ,10,71
successor,ਵਾਰਿਸ,57,64
sufferer,ਸ਼ਹੀਦ,2943,22
sugarcane,ਗੰਨਾ,292,293
sunlight,ਧੁੱਪ,545,589
sunni,ਸੁੰਨੀ,107,50
sunstroke,ਲੂ,171,15
surname,ਗੋਤ,48,54
surrender,ਆਤਮਸਮਰਪਣ,41,205
suspect,ਵਿਰੋਧੀ,7649,1221
swallow,ਨਿਗਲਣਾ,14,80
sweetheart,ਕਾਮਿਨੀ,18,35
swelling,ਸੋਜ,720,563
swimmer,ਤੈਰਾਕ,48,45
syllabus,ਪਾਠਕ੍ਰਮ,180,129
tab,ਗੋਲੀ,3591,180
tablet,ਗੋਲੀ,3591,425
tact,ਵਿਵਹਾਰਕਤਾ,9,15
takeoff,ਉਡਾਨ,258,28
tart,ਵੇਸਵਾ,23,21
taurus,ਬ੍ਰਿਖ,14,67
taxation,ਮਾਮਲਾ,28060,122
tb,ਟੀਬੀ,141,126
technologist,ਇੰਜੀਨੀਅਰ,655,10
technology,ਤਕਨੀਕ,2553,3621
teen,ਬਾਲਿਕਾ,20,166
teenager,ਬਾਲਿਕਾ,20,412
telecom,ਦੂਰਸੰਚਾਰ,208,317
telecommunication,ਦੂਰਸੰਚਾਰ,208,45
teller,ਸੂਤਰਧਾਰ,31,17
temperament,ਮਾਨਸਿਕਤਾ,557,77
temperature,ਤਾਪਮਾਨ,8222,5940
terrorism,ਅੱਤਵਾਦ,1748,1225
testament,ਵਸੀਅਤ,47,41
th,ਬੁੱਧਵਾਰ,65,114
thermometer,ਥਰਮਾਮੀਟਰ,158,125
thief,ਚੋਰ,589,169
thigh,ਪੱਟ,153,91
thinness,ਕਮਜ਼ੋਰੀ,257,8
thirst,ਪਿਆਸ,249,94
thorn,ਕੰਡਾ,22,9
thrill,ਰੋਮਾਂਚ,47,59
thrower,ਘੁਮਿਆਰ,17,58
thumb,ਅੰਗੂਠਾ,26,98
thunder,ਗਰਜ,94,63
thursday,ਬੁੱਧਵਾਰ,65,77
tibet,ਤਿੱਬਤ,341,122
tobacco,ਤੰਬਾਕੂ,796,538
tooth,ਦੰਦ,878,335
top,ਟੀਸੀ,11,5712
tope,ਪੀਣਾ,1445,30
torso,ਧੜ,45,21
touch,ਸੰਪਰਕ,11668,1561
tourist,ਸੈਲਾਨੀ,2274,801
toy,ਖੇਡਣਾ,844,306
tracing,ਟ੍ਰੇਸਿੰਗ,21,119
transition,ਸੰਕ੍ਰਮਣ,230,263
translation,ਰੂਪਾਂਤਰਣ,30,228
translator,ਅਨੁਵਾਦਕ,38,28
transmission,ਪ੍ਰਸਾਰਣ,788,1228
transmitting,ਪ੍ਰਸਾਰਣ,788,25
transparency,ਪਾਰਦਰਸ਼ਤਾ,200,296
treasurer,ਖਜਾਨਚੀ,25,66
triangle,ਤਿਕੋਣ,49,40
tribute,ਸ਼ਰਧਾਜਲੀ,32,733
trilateral,ਤਿਕੋਣ,49,23
trump,ਬਾਜਾ,11,5327
trumpet,ਬਾਜਾ,11,8
trunk,ਧੜ,45,101
trustee,ਟਰੱਸਟੀ,60,30
tuberculosis,ਟੀਬੀ,141,124
tuesday,ਮੰਗਲਵਾਰ,55,68
tutor,ਟਿਊਟਰ,14,52
twins,ਮਿਥੁਨ,79,117
twist,ਮਰੋੜ,71,172
twisting,ਮਰੋੜ,71,17
twitch,ਪਕੜ,349,12
twitching,ਪਕੜ,349,12
twitter,ਗੂੰਜ,112,4814
umbilical,ਨਾਰ,24,30
unavailability,ਅਣਹੋਂਦ,376,22
underwear,ਅੰਦਰਲੇ,535,132
university,ਯੂਨੀਵਰਸਿਟੀ,8452,5921
untouchable,ਹਰੀਜਨ,10,13
upgrade,ਤਰੱਕੀ,1811,167
urine,ਪਿਸ਼ਾਬ,21,339
usefulness,ਉਪਯੋਗਤਾ,117,74
using,ਸ਼ੋਸ਼ਣ,497,7690
utility,ਉਪਯੋਗਤਾ,117,189
vacation,ਛੁੱਟੀ,3866,948
vastness,ਵਿਸ਼ਾਲਤਾ,12,12
veda,ਵੇਦ,133,44
vegetable,ਕਰੇਲਾ,29,1143
vegetarian,ਸ਼ਾਕਾਹਾਰੀ,89,80
veggie,ਕਰੇਲਾ,29,13
vending,ਫੇਰੀ,694,40
venus,ਵੀਨਸ,37,39
veranda,ਛੱਜਾ,14,43
verandah,ਛੱਜਾ,14,11
verb,ਕਿਰਿਆ,550,25
verification,ਪ੍ਰਮਾਣੀਕਰਨ,18,323
version,ਪ੍ਰਤੀਰੂਪ,10,1494
vicinity,ਮਹੱਲਾ,23,260
victor,ਜੇਤੂ,4605,75
viewer,ਦਰਸ਼ਕ,345,79
villain,ਖਲਨਾਇਕ,91,108
virgin,ਕਲੀ,35,127
vitamin,ਵਿਟਾਮਿਨ,7516,4323
vocabulary,ਸ਼ਬਦਾਵਲੀ,94,89
voter,ਵੋਟਰ,730,336
voucher,ਕੂਪਨ,97,31
w,ਪੱਛਮ,838,163
wail,ਵਿਰਲਾਪ,41,14
waist,ਕਮਰ,670,129
waking,ਜਾਗ੍ਰਿਤ,11,106
walk,ਚਾਲ,924,1590
walkover,ਖੇਡ,12559,9
ward,ਵਾਰਡ,670,388
wart,ਮੱਸਾ,10,26
waste,ਕੱਲਰ,19,1011
water,ਭਰਨਾ,475,35897
waterfall,ਝਰਨਾ,101,103
wealth,ਧਨ,1160,519
weave,ਬੁਣਾਈ,154,32
web,ਜਾਲ,307,1863
wednesday,ਬੁੱਧਵਾਰ,65,62
west,ਪੱਛਮ,838,4337
westward,ਪੱਛਮ,838,8
wheat,ਕਣਕ,1655,922
whore,ਵੇਸਵਾ,23,14
widow,ਵਿਧਵਾ,238,94
wind,ਗੈਸ,3056,720
wing,ਉੱਡਣਾ,21,754
winner,ਜੇਤੂ,4605,861
wipe,ਪੂੰਝਣਾ,16,216
wire,ਤਾਰ,388,262
woman,ਕੁੜੀ,3392,10560
wording,ਸ਼ਬਦਾਵਲੀ,94,33
worm,ਘਬਰਾਉਣਾ,101,51
worship,ਭਗਤੀ,252,488
writ,ਰਾਜ਼ੀਨਾਮਾ,28,99
writer,ਲੇਖਕ,3972,1950
yellow,ਪੀਲਾ,402,1309
yellowness,ਪੀਲਾ,402,11
yes,ਹਾਮੀ,171,7153
yogi,ਯੋਗੀ,1205,850
zoo,ਚਿੜੀਆਘਰ,275,219
accommodate,ਠਹਿਰਾਉਣਾ,47,337
accumulate,ਜੋੜਨਾ,399,125
ache,ਟੁੱਟਣਾ,28,127
acknowledge,ਮੰਨਣਾ,2525,231
addict,ਪੈਣਾ,906,95
adjudicate,ਸੁਲਝਾਉਣਾ,84,9
administer,ਵੰਡਣਾ,104,86
adorn,ਸਜਾਇਆ,1711,15
alight,ਉਤਰਨਾ,75,9
allot,ਵੰਡਣਾ,104,42
ameliorate,ਵਧਾਉਣਾ,583,10
amend,ਵਧਾਉਣਾ,583,195
anchor,ਬੰਨ੍ਹਣਾ,56,120
anger,ਭੜਕਾਉਣਾ,22,1323
angle,ਝੁਕਣਾ,68,276
appear,ਉੱਠਣਾ,45,1930
appease,ਮਨਾਉਣਾ,199,20
attach,ਜੋੜਨਾ,399,297
attract,ਖਿੱਚਣਾ,157,785
audit,ਜਾਂਚਣਾ,48,197
badger,ਛੇੜਣਾ,9,23
batter,ਕੁੱਟਣਾ,59,314
beam,ਚਮਕਣਾ,12,113
beautify,ਸਜਾਇਆ,1711,15
beset,ਤਾੜਨਾ,228,19
better,ਵਧਾਉਣਾ,583,14427
bewitch,ਮੋਹਣਾ,75,9
bid,ਦੇਣਾ,8883,440
bind,ਬੰਨਣਾ,9,53
birth,ਜੰਮਣਾ,20,4340
blend,ਮਿਲਾਉਣਾ,147,1162
boil,ਉਬਾਲਣਾ,74,1674
bolt,ਖਾਣਾ,7578,41
bond,ਮਿਲਾਉਣਾ,147,483
book,ਰੋਕਣਾ,742,6617
boost,ਵਧਾਉਣਾ,583,1065
bound,ਕੁੱਦਣਾ,10,374
bowl,ਡਿੱਗਣਾ,136,1401
brace,ਜਗਾਉਣਾ,12,37
bribe,ਖਵਾਉਣਾ,12,243
bruise,ਕੁੱਟਣਾ,59,29
bump,ਭਿੜਨਾ,9,66
bunch,ਬੰਨ੍ਹਣਾ,56,261
bundle,ਬੰਨ੍ਹਣਾ,56,75
bunk,ਭੱਜਣਾ,85,80
bury,ਦਬਾਉਣਾ,67,50
bust,ਟੁੱਟਣਾ,28,128
busy,ਲੱਗਣਾ,170,1221
buy,ਖਵਾਉਣਾ,12,4189
calm,ਬੁਝਾਉਣਾ,14,1747
capture,ਮੋਹਣਾ,75,255
cat,ਥੁੱਕਣਾ,10,608
cease,ਛੱਡਣਾ,687,165
charter,ਕਰਨਾ,78422,112
chuck,ਥੁੱਕਣਾ,10,21
circulate,ਫੈਲਾਉਣਾ,73,39
circumvent,ਟਾਲਣਾ,15,15
clear,ਛੱਡਣਾ,687,6528
clip,ਕੱਟਣਾ,202,358
close,ਨਿਪਟਣਾ,16,5056
cluster,ਬੰਨ੍ਹਣਾ,56,80
collar,ਫੜਨਾ,77,74
collect,ਜੋੜਨਾ,399,605
color,ਰੰਗਨਾ,12,7975
colour,ਰੰਗਨਾ,12,2167
compile,ਜੋੜਨਾ,399,61
complete,ਚੁਕਣਾ,27,5892
compose,ਰਚਨਾ,2876,89
comprehend,ਸਮਝਿਆ,1195,187
con,ਲੁੱਟਣਾ,10,66
conceal,ਲੁਕਾਉਣਾ,50,32
concede,ਝੁਕਣਾ,68,88
conceive,ਸਮਝਣਾ,1726,102
concern,ਪੈਣਾ,906,2555
conclude,ਨਿਪਟਣਾ,16,127
conquer,ਦਬਾਉਣਾ,67,120
construct,ਬਣਨਾ,2087,165
consume,ਲੱਗਣਾ,170,1754
contend,ਲੜਾਈ,5501,24
convey,ਲਿਆਉਣਾ,912,295
convince,ਸਮਝਾਉਣਾ,97,163
cop,ਫੜਨਾ,77,289
copy,ਉਤਾਰਨਾ,28,818
corrupt,ਖਵਾਉਣਾ,12,207
cost,ਪੈਣਾ,906,10382
count,ਗਿਣਨਾ,19,801
cover,ਢਕਣਾ,9,3048
dance,ਨੱਚਣਾ,70,1353
dash,ਡਰਾਉਣਾ,1634,87
date,ਮਿਲਣਾ,1095,5322
deal,ਵੰਡਣਾ,104,4838
decay,ਸੜਨਾ,9,90
decide,ਸੁਲਝਾਉਣਾ,84,2615
decorate,ਸਜਾਇਆ,1711,510
deem,ਰੱਖਣਾ,6816,19
defame,ਲਗਾਉਣਾ,1219,112
defeat,ਹਰਾਉਣਾ,112,1153
defer,ਟਾਲਣਾ,15,24
demo,ਦਿਖਾਉਣਾ,224,38
demolish,ਤੋੜਨਾ,118,27
demonstrate,ਦਿਖਾਉਣਾ,224,304
destroy,ਮਿਟਾਉਣਾ,133,538
detain,ਟਿਕਣਾ,11,43
develop,ਨਿਕਲਣਾ,413,1779
deviate,ਭਟਕਣਾ,54,20
devote,ਰੱਖਣਾ,6816,101
dictate,ਲਿਖਵਾਉਣਾ,23,30
digest,ਪਚਾਉਣਾ,19,141
discard,ਸੁੱਟਣਾ,64,60
discontinue,ਛੱਡਣਾ,687,30
discover,ਖੋਜਣਾ,14,429
dismiss,ਕੱਢਣਾ,418,108
dispatch,ਮਾਰਨਾ,268,30
dispense,ਵੰਡਣਾ,104,15
displace,ਹਿਲਾਉਣਾ,60,9
display,ਦਿਖਾਉਣਾ,224,933
dispose,ਸੁੱਟਣਾ,64,70
disrupt,ਬੋਲਣਾ,515,147
disturb,ਹਿਲਾਉਣਾ,60,220
diverge,ਭਟਕਣਾ,54,13
dodge,ਟਾਲਣਾ,15,27
donate,ਦੇਣਾ,8883,286
drill,ਸਾਧਨਾ,103,91
drink,ਪੀਣਾ,1445,5553
drive,ਚਲਾਉਣਾ,391,2017
drown,ਡੁੱਬਣਾ,26,82
dry,ਸੁੱਕਣਾ,63,4221
duck,ਟਾਲਣਾ,15,73
dwell,ਰਹਿਣਾ,4794,242
eject,ਕੱਢਣਾ,418,17
elaborate,ਸਮਝਾਉਣਾ,97,753
embody,ਨਿਭਾਉਣਾ,176,55
emerge,ਨਿਕਲਣਾ,413,225
emit,ਬੋਲਣਾ,515,28
energise,ਜਗਾਉਣਾ,12,11
energize,ਜਗਾਉਣਾ,12,12
enlarge,ਸਮਝਾਉਣਾ,97,53
enter,ਵੜਨਾ,11,1768
entrance,ਮੋਹਣਾ,75,948
enumerate,ਗਿਣਨਾ,19,12
equal,ਪਾਉਣਾ,1300,2949
erase,ਮਿਟਾਉਣਾ,133,63
err,ਭਟਕਣਾ,54,9
erupt,ਸੜਨਾ,9,35
escape,ਭੱਜਣਾ,85,784
establish,ਚਲਾਉਣਾ,391,701
evade,ਟਾਲਣਾ,15,34
except,ਛੱਡਣਾ,687,699
excite,ਭੜਕਾਉਣਾ,22,39
execute,ਚਲਾਉਣਾ,391,167
exercise,ਸਾਧਨਾ,103,4556
exhaust,ਲੱਗਣਾ,170,78
exhibit,ਦਿਖਾਉਣਾ,224,126
expel,ਕੱਢਣਾ,418,48
expose,ਦਿਖਾਉਣਾ,224,121
expound,ਸਮਝਾਉਣਾ,97,22
extinguish,ਬੁਝਾਉਣਾ,14,24
extract,ਖਿੱਚਣਾ,157,326
face,ਵੱਲ,13977,9325
fail,ਹਾਰਨਾ,168,481
farm,ਬੀਜਣਾ,47,3730
fascinate,ਮੋਹਣਾ,75,23
fasten,ਖਿੱਚਣਾ,157,33
fear,ਡਰਨਾ,226,3626
fell,ਸੁੱਟਣਾ,64,2216
fight,ਲੜਾਈ,5501,5272
find,ਖੋਜਣਾ,14,13117
finish,ਚੁਕਣਾ,27,918
fit,ਆਉਣਾ,2613,1640
fleece,ਲੁੱਟਣਾ,10,37
flirt,ਖੇਡਣਾ,844,13
floor,ਘਬਰਾਉਣਾ,101,1724
flutter,ਧੜਕਣਾ,9,11
flux,ਮਿਲਾਉਣਾ,147,56
follow,ਦੇਖਣਾ,1845,5315
forbid,ਰੋਕਣਾ,742,34
force,ਖਿੱਚਣਾ,157,4688
form,ਬਿਠਾਉਣਾ,25,7853
freeze,ਜੰਮਣਾ,20,128
fright,ਡਰਾਉਣਾ,1634,37
frighten,ਡਰਾਉਣਾ,1634,60
fruit,ਵੱਧਣਾ,78,1960
function,ਚੱਲਣਾ,403,3048
furnish,ਦੇਣਾ,8883,68
fuse,ਮਿਲਾਉਣਾ,147,23
gentle,ਮਨਾਉਣਾ,199,890
give,ਦੇਣਾ,8883,12345
glow,ਚਮਕਣਾ,12,109
grace,ਸਜਾਇਆ,1711,586
grant,ਝੁਕਣਾ,68,726
grasp,ਸਮਝਿਆ,1195,172
grieve,ਸੋਚਣਾ,1350,42
ground,ਬੰਨ੍ਹਣਾ,56,2350
halt,ਰਹਿਣਾ,4794,244
hammer,ਲਗਾਉਣਾ,1219,77
handle,ਵਰਤਣਾ,1450,1589
happen,ਆਉਣਾ,2613,11901
harass,ਤਾੜਨਾ,228,82
harry,ਤਾੜਨਾ,228,339
hassle,ਤਾੜਨਾ,228,171
hear,ਸੁਣਨਾ,888,3201
heat,ਜਲਾਉਣਾ,11,2874
hedge,ਟਾਲਣਾ,15,20
help,ਲਗਾਉਣਾ,1219,31075
hesitate,ਰੁਕਦਾ,943,213
hire,ਕਰਨਾ,78422,275
hoist,ਉਡਾਉਣਾ,53,48
imagine,ਮੰਨਣਾ,2525,1432
impose,ਵਸੂਲਣਾ,9,267
impress,ਛਾਪਣਾ,13,114
improve,ਵਧਾਉਣਾ,583,3133
include,ਮਿਲਨਾ,13,11919
increase,ਵਧਾਉਣਾ,583,6575
inhabit,ਰਹਿਣਾ,4794,29
inhibit,ਦਬਾਉਣਾ,67,73
injure,ਲੱਗਣਾ,170,34
interest,ਪੈਣਾ,906,3099
interfere,ਪੈਣਾ,906,364
interrupt,ਬੋਲਣਾ,515,50
intervene,ਪੈਣਾ,906,240
investigate,ਛਾਣਬੀਣ,313,1254
involve,ਲੈਣਾ,5063,304
irrigate,ਭਰਨਾ,475,17
issue,ਨਿਕਲਣਾ,413,13721
knock,ਭਿੜਨਾ,9,259
lam,ਭੱਜਣਾ,85,13
last,ਰਹਿਣਾ,4794,12054
launch,ਚਲਾਉਣਾ,391,1668
lean,ਝੁਕਣਾ,68,152
learn,ਸਿੱਖਣਾ,978,5508
leash,ਬੰਨਣਾ,9,34
lengthen,ਵਧਾਉਣਾ,583,15
let,ਦੇਣਾ,8883,6308
levy,ਵਸੂਲਣਾ,9,73
light,ਜਲਾਉਣਾ,11,5112
line,ਖਿੱਚਣਾ,157,2465
listen,ਸੁਣਨਾ,888,2516
lot,ਵੰਡਣਾ,104,34712
lower,ਉਤਾਰਨਾ,28,2343
lull,ਬੁਝਾਉਣਾ,14,28
march,ਚਲਾਉਣਾ,391,26
mat,ਉਲਝਣਾ,17,82
match,ਪਾਉਣਾ,1300,4584
materialise,ਆਉਣਾ,2613,33
materialize,ਆਉਣਾ,2613,39
mature,ਪਕਾਉਣਾ,439,155
mellow,ਪਿਘਲਣਾ,17,37
merge,ਮਿਲਾਉਣਾ,147,98
misguide,ਭਟਕਾਉਣਾ,17,12
mislead,ਭਟਕਾਉਣਾ,17,157
molest,ਤਾੜਨਾ,228,11
mount,ਬੈਠਣਾ,185,322
murder,ਮਾਰਨਾ,268,4525
nab,ਫੜਨਾ,77,1509
narrate,ਸੁਣਾਉਣਾ,22,23
neglect,ਰਹਿਣਾ,4794,204
nominate,ਬਣਾਉਣਾ,4228,59
number,ਗਿਣਨਾ,19,24640
nurture,ਪਾਲਣਾ,8196,45
observe,ਦੇਖਣਾ,1845,750
occur,ਮਿਲਨਾ,13,2096
open,ਖੋਲਣਾ,11,7332
oppress,ਦਬਾਉਣਾ,67,9
ornament,ਸਜਾਇਆ,1711,76
overcome,ਹਰਾਉਣਾ,112,652
overlook,ਰਹਿਣਾ,4794,116
overtake,ਕੱਢਣਾ,418,29
overwhelm,ਡੁੱਬਣਾ,26,27
pacify,ਮਨਾਉਣਾ,199,71
pack,ਬੰਨਣਾ,9,565
paint,ਰੰਗਨਾ,12,744
pall,ਡਰਾਉਣਾ,1634,96
panic,ਘਬਰਾਉਣਾ,101,1168
parent,ਪਾਲਣਾ,8196,882
pause,ਰੁਕਦਾ,943,149
pen,ਰਚਨਾ,2876,197
people,ਵਸਣਾ,40,81153
photograph,ਖਿੱਚਣਾ,157,607
pick,ਕੱਢਣਾ,418,963
placate,ਮਨਾਉਣਾ,199,9
plague,ਤਾੜਨਾ,228,91
plank,ਸੁੱਟਣਾ,64,20
plume,ਲੁੱਟਣਾ,10,17
plump,ਸੁੱਟਣਾ,64,17
portray,ਖੇਡਣਾ,844,53
postpone,ਟਾਲਣਾ,15,87
pour,ਵਹਾਉਣਾ,15,908
practise,ਸਾਧਨਾ,103,111
pretend,ਦਿਖਾਉਣਾ,224,77
prevail,ਚੱਲਣਾ,403,148
prick,ਕੱਟਣਾ,202,19
process,ਬਣਾਉਣਾ,4228,11392
progress,ਉੱਨਤੀ,116,2006
prohibit,ਰੋਕਣਾ,742,63
promote,ਤਰੱਕੀ,1811,924
prosecute,ਲੱਗਣਾ,170,73
protect,ਬਚਾਉਣਾ,409,2856
protrude,ਉੱਠਣਾ,45,9
provoke,ਤਾੜਨਾ,228,197
publish,ਨਿਕਲਣਾ,413,129
pull,ਖਿੱਚਣਾ,157,388
purge,ਥੁੱਕਣਾ,10,11
pursue,ਲੱਗਣਾ,170,407
quest,ਮੰਗਣਾ,229,114
quiet,ਬੁਝਾਉਣਾ,14,2126
quit,ਛੱਡਣਾ,687,878
radiate,ਚਮਕਣਾ,12,9
range,ਭਟਕਣਾ,54,3211
rant,ਬੋਲਣਾ,515,64
rave,ਬੋਲਣਾ,515,54
recognise,ਮੰਨਣਾ,2525,362
recognize,ਮੰਨਣਾ,2525,807
reconstruct,ਲਿਆਉਣਾ,912,19
recount,ਸੁਣਾਉਣਾ,22,10
recruit,ਰੱਖਣਾ,6816,96
reef,ਘਟਾਉਣਾ,569,48
reel,ਘੁੰਮਣਾ,124,39
reflect,ਚਮਕਣਾ,12,321
refute,ਕੱਟਣਾ,202,46
regard,ਮੰਨਣਾ,2525,8622
remit,ਟਾਲਣਾ,15,9
render,ਦੇਣਾ,8883,107
repay,ਉੱਤਰਨਾ,12,78
repeat,ਦੁਹਰਾਉਣਾ,131,1917
replace,ਬਦਲਣਾ,1282,607
repose,ਪਾਉਣਾ,1300,18
represent,ਖੇਡਣਾ,844,491
request,ਮੰਗਣਾ,229,2616
resemble,ਪੈਣਾ,906,86
reserve,ਰੋਕਣਾ,742,1087
restore,ਲਿਆਉਣਾ,912,669
reveal,ਖੋਲਣਾ,11,403
revise,ਦੁਹਰਾਉਣਾ,131,103
ring,ਵੱਜਣਾ,23,382
ripen,ਪਕਾਉਣਾ,439,25
roam,ਭਟਕਣਾ,54,44
roast,ਭੁੰਨਣਾ,12,35
rob,ਲੁੱਟਣਾ,10,77
root,ਜੰਮਣਾ,20,735
rope,ਬੰਨਣਾ,9,170
sack,ਕੱਢਣਾ,418,74
save,ਬਚਾਉਣਾ,409,3439
savvy,ਸਮਝਿਆ,1195,54
scam,ਲੁੱਟਣਾ,10,728
scatter,ਫੈਲਣਾ,56,10
school,ਪੜ੍ਹਨਾ,962,11860
scorch,ਸੜਨਾ,9,13
scrape,ਖਿੱਚਣਾ,157,29
scratch,ਖਿੱਚਣਾ,157,130
scream,ਚੀਕਣਾ,28,96
screen,ਜਾਂਚਣਾ,48,1643
seem,ਲੱਗਣਾ,170,3251
sell,ਨਿਕਲਣਾ,413,1302
send,ਭੇਜਣਾ,197,1601
serve,ਲਗਾਉਣਾ,1219,1336
sew,ਲਗਾਉਣਾ,1219,125
share,ਵੰਡਣਾ,104,4000
shave,ਉਡਾਉਣਾ,53,17
shine,ਚਮਕਣਾ,12,241
ship,ਭੇਜਣਾ,197,452
shirk,ਭੱਜਣਾ,85,22
shoot,ਖਿੱਚਣਾ,157,880
shout,ਚੀਕਣਾ,28,100
shun,ਬਚਣਾ,1301,49
sick,ਥੁੱਕਣਾ,10,1327
sing,ਗਾਉਣਾ,66,382
sink,ਦਬਾਉਣਾ,67,233
sit,ਬੈਠਣਾ,185,2204
skirt,ਟਾਲਣਾ,15,393
slander,ਲਗਾਉਣਾ,1219,18
slay,ਮਾਰਨਾ,268,11
sleep,ਸੌਣਾ,139,3678
slumber,ਸੌਣਾ,139,40
smear,ਲਗਾਉਣਾ,1219,66
smell,ਬਦਬੂ,162,742
snarl,ਉਲਝਣਾ,17,12
soak,ਲੁੱਟਣਾ,10,228
sorrow,ਸੋਚਣਾ,1350,301
sound,ਵਜਾਉਣਾ,38,2570
sow,ਬੀਜਣਾ,47,68
spit,ਥੁੱਕਣਾ,10,47
spoil,ਲੱਗਣਾ,170,180
spout,ਬੋਲਣਾ,515,16
spring,ਕੁੱਦਣਾ,10,904
squall,ਚੀਕਣਾ,28,10
stage,ਖੇਡਣਾ,844,4007
stain,ਛੱਡਣਾ,687,220
state,ਦੱਸਣਾ,1292,36680
steal,ਉਡਾਉਣਾ,53,125
still,ਬੁਝਾਉਣਾ,14,18398
stimulate,ਜਗਾਉਣਾ,12,152
sting,ਕੱਟਣਾ,202,49
stir,ਰਗੜਨਾ,36,1476
stitch,ਲਗਾਉਣਾ,1219,25
stray,ਭਟਕਣਾ,54,176
stride,ਲੰਘਣਾ,283,28
study,ਪੜਨਾ,59,4698
stuff,ਪਾਉਣਾ,1300,2602
stun,ਘਬਰਾਉਣਾ,101,9
subdue,ਦਬਾਉਣਾ,67,8
submerge,ਡੁੱਬਣਾ,26,13
subscribe,ਬੰਨ੍ਹਣਾ,56,80
substitute,ਬਦਲਣਾ,1282,229
suffer,ਟੁੱਟਣਾ,28,1271
summon,ਬੁਲਾਉਣਾ,131,58
supply,ਦੇਣਾ,8883,3038
suppress,ਦਬਾਉਣਾ,67,234
surcharge,ਲੁੱਟਣਾ,10,90
survive,ਬਚਣਾ,1301,703
suspend,ਲਮਕਾਉਣਾ,56,109
swan,ਭਟਕਣਾ,54,25
sweep,ਫੈਲਣਾ,56,65
table,ਟਾਲਣਾ,15,1764
tackle,ਲੈਣਾ,5063,670
tan,ਸੋਧਣਾ,79,91
tangle,ਉਲਝਣਾ,17,8
tattoo,ਛਾਪਣਾ,13,248
tender,ਦੇਣਾ,8883,401
terminate,ਕੱਢਣਾ,418,79
terrify,ਡਰਾਉਣਾ,1634,8
terrorise,ਡਰਾਉਣਾ,1634,9
thicken,ਗਾੜਾ,272,38
thread,ਪਾਉਣਾ,1300,218
tighten,ਖਿੱਚਣਾ,157,73
tilt,ਝੁਕਣਾ,68,25
tip,ਝੁਕਣਾ,68,279
toss,ਸੁੱਟਣਾ,64,1070
tour,ਘੁੰਮਣਾ,124,1419
towel,ਪੂੰਝਣਾ,16,281
trace,ਖਿੱਚਣਾ,157,713
trance,ਮੋਹਣਾ,75,13
trap,ਫੜਨਾ,77,211
treat,ਵਰਤਣਾ,1450,2683
turn,ਮੋੜਨਾ,36,2700
tweak,ਤੋੜਨਾ,118,18
uncover,ਖੋਲਣਾ,11,51
undertake,ਲੈਣਾ,5063,264
unveil,ਖੋਲਣਾ,11,48
utter,ਬੋਲਣਾ,515,196
veto,ਰੋਕਣਾ,742,24
volunteer,ਮੰਨਣਾ,2525,99
vomit,ਥੁੱਕਣਾ,10,13
vow,ਮੰਨਣਾ,2525,25
wander,ਭਟਕਣਾ,54,32
weep,ਰੋਣਾ,332,69
weigh,ਤੋਲਣਾ,26,185
win,ਜਿੱਤਣਾ,488,6640
withhold,ਰੋਕਣਾ,742,16
wreak,ਕਰਨਾ,78422,128
wrestle,ਘਬਰਾਉਣਾ,101,19
yell,ਚੀਕਣਾ,28,15
yield,ਝੁਕਣਾ,68,400
