English,Punjabi,English_Word_Count,Punjabi_Word_Count,is_noun
abducted,ਕਿਡਨੈਪ,218,12,False
able,ਸਮਰੱਥਾਵਾਨ,7311,10,False
abortive,ਫਲਾਪ,10,83,False
absolved,ਬਰੀ,11,929,False
absorbed,ਲੁਪਤ,261,40,False
abusive,ਅਪਮਾਨਜਨਕ,120,303,False
academic,ਅਕਾਦਮਿਕ,914,677,False
acceptable,ਸਵਿਕਾਰਯੋਗ,801,9,False
accepted,ਰਵਾਇਤੀ,3305,1970,False
accessible,ਉਪਲੱਭਧ,857,62,False
accomplished,ਕੁਸ਼ਲ,556,117,False
accredited,ਨਿਯੁਕਤ,246,2480,False
accustomed,ਅਭਿਆਸੀ,97,39,False
acquainted,ਜਾਣੂ,366,2353,False
active,ਕਿਰਿਆਸ਼ੀਲ,4545,36,False
addicted,ਫਿਦਾ,214,26,False
additional,ਅਤਿਰਿਕਤ,11667,198,False
administrative,ਪ੍ਰਸ਼ਾਸਨਿਕ,845,412,False
admired,ਪ੍ਰਸੰਸਾਯੋਗ,135,18,False
adopted,ਗ੍ਰਹਿਣ,610,544,False
adoptive,ਗ੍ਰਹਿਣ,21,544,False
adored,ਪੂਜਣਯੋਗ,98,12,False
advantageous,ਹਿਤਕਾਰੀ,111,12,False
adventurous,ਸਾਹਸਿਕ,64,37,False
advertised,ਇਸ਼ਤਿਹਾਰੀ,57,23,False
aerial,ਹਵਾਈ,156,8311,False
aesthetic,ਸੁੰਦਰਤਾ,187,2711,False
affable,ਮਿਲਾਪੜਾ,20,24,False
affected,ਪ੍ਰਭਾਵਿਤ,4193,7495,False
affiliated,ਸਬੰਧੀ,357,24966,False
affirmative,ਸਕਾਰਾਤਮਿਕ,77,24,False
aforementioned,ਕਹੀਆਂ,58,101,False
african,ਅਫਰੀਕਨ,640,45,False
aged,ਸਿਆਣੇ,332,275,False
agitated,ਮਾਯੂਸ,148,117,False
agreed,ਰਾਜ਼ੀ,1893,292,False
ahead,ਅੱਗੇ,2141,211,False
ailing,ਬਿਮਾਰ,108,1188,False
aired,ਹਵਾਦਾਰ,102,279,False
alcoholic,ਨਸ਼ਈ,551,11,False
alive,ਚੇਤਨ,840,95,False
alleged,ਪਾਖੰਡੀ,2223,86,False
alone,ਇਕੱਲਾ,5204,3050,False
amalgamated,ਮਿਸ਼ਰਤ,12,34,False
american,ਅਮੈਰੀਕਨ,4624,200,False
amiable,ਮਿਲਾਪੜਾ,30,24,False
amusing,ਕਮੇਡੀ,194,35,False
ancestral,ਖਾਨਦਾਨੀ,114,19,False
annoyed,ਵਿਆਕੁਲ,285,37,False
annual,ਸਲਾਨਾ,1135,266,False
antisocial,ਅਸਮਾਜਿਕ,13,17,False
anxious,ਉਤਾਵਲਾ,582,29,False
appalled,ਸੁੰਨ,48,199,False
applicable,ਲਾਗੂ,941,10763,False
appreciated,ਸਬਰ,4085,1449,False
appreciative,ਗੁਣਵਾਨ,83,21,False
apprehensive,ਫਿਕਰਮੰਦ,106,146,False
approaching,ਆਗਾਮੀ,316,562,False
approved,ਸਹਿਮਤੀ,1691,2920,False
aquatic,ਜਲੀ,49,11,False
arabian,ਤਾਜ਼ੀ,119,44,False
arable,ਕਿਰਸਾਨੀ,12,20,False
archaeological,ਪੁਰਾਤਤਵ,106,16,False
archeological,ਪੁਰਾਤਤਵ,8,16,False
arduous,ਕਠਿਨ,77,388,False
aristocratic,ਨਾਮਵਰ,15,204,False
armored,ਜਰੀਆ,15,9,False
aromatic,ਖੁਸ਼ਬੂਦਾਰ,86,23,False
aroused,ਭਾਵਾਤਮਕ,49,96,False
arresting,ਸਨਸਨੀਖੇਜ,153,18,False
artistic,ਕਲਾਤਮਕ,336,314,False
ascetic,ਉਪਰਾਮ,18,11,False
ashamed,ਸ਼ਰਮਸਾਰ,522,81,False
asian,ਏਸ਼ੀਅਨ,1571,335,False
asiatic,ਏਸ਼ੀਅਨ,14,335,False
asking,ਸਵਾਲੀਆ,2289,64,False
assamese,ਅਸਾਮੀ,26,57,False
assigned,ਆਯੁਕਤ,347,11,False
assured,ਨਿਯਤ,1999,42,False
astronomical,ਖਗੋਲੀ,21,27,False
atmospheric,ਵਾਤਾਵਰਣੀ,107,9,False
atrocious,ਭਿਆਨਕ,32,4846,False
attached,ਭਾਵਕ,1102,10,False
attractive,ਹਸੀਨ,1289,111,False
audible,ਮਿੱਠੀ,24,329,False
auspicious,ਅਨੁਕੂਲ,338,2257,False
austere,ਉਪਰਾਮ,15,11,False
australian,ਆਸਟ੍ਰੇਲਿਆਈ,1249,41,False
austrian,ਆਸਟ੍ਰੇਲਿਆਈ,51,41,False
authorised,ਤਸਦੀਕ,197,385,False
authoritarian,ਬੇਲਗਾਮ,25,46,False
authoritative,ਤਸਦੀਕ,39,385,False
authorized,ਤਸਦੀਕ,364,385,False
autocratic,ਬੇਲਗਾਮ,15,46,False
autonomous,ਨਿੱਜੀ,181,9856,False
available,ਮੁਹੱਈਆ,30444,6405,False
aware,ਸੁਚੇਤ,3664,1529,False
banned,ਹਰਾਮ,1228,72,False
barren,ਕੱਲਰ,28,19,False
basic,ਮੁਢਲੀ,3286,426,False
bearable,ਸਹਿਣਸ਼ੀਲ,26,78,False
becoming,ਸਮੁੱਚਾ,2288,415,False
belated,ਠਹਿਰੇ,153,86,False
belgian,ਬੈਲਜੀਅਨ,45,31,False
beneficial,ਭੋਗ,2267,342,False
better,ਵਧਾਉਣਾ,14427,583,False
biased,ਪੱਖਪਾਤੀ,73,101,False
big,ਉਦਾਰ,15016,95,False
billion,ਬਿਲੀਅਨ,697,276,False
biological,ਜੈਵਿਕ,303,579,False
black,ਅਪਮਾਨਜਨਕ,7417,303,False
bloated,ਸੁੱਜਿਆ,31,9,False
blurred,ਧੁੰਦਲਾ,50,105,False
bodily,ਜਿਸਮਾਨੀ,135,77,False
boiled,ਉਬਲਿਆ,454,23,False
bonded,ਬੰਧਨ,56,437,False
booming,ਵਿਕਾਸਸ਼ੀਲ,70,90,False
bored,ਅੱਕੀ,442,19,False
bowed,ਭਰੀਆਂ,52,451,False
british,ਬ੍ਰਿਟਿਸ਼,1892,457,False
broad,ਵਿਸਤਰਿਤ,445,10,False
budgetary,ਬਜਟੀ,95,24,False
bully,ਡਰਾਉਣਾ,38,1634,False
burned,ਸੜਿਆ,239,10,False
busy,ਲੱਗਣਾ,1221,170,False
called,ਕੱਚਾ,9240,519,False
cancelled,ਰੱਦ,1309,7880,False
capable,ਸਮਰੱਥ,1250,1702,False
capricious,ਮਨਮਾਨੀ,48,75,False
captivated,ਆਕਰਸ਼ਿਤ,27,135,False
captivating,ਮਨਮੋਹਕ,56,110,False
caring,ਪ੍ਰੇਮੀ,647,1479,False
castrated,ਖੱਸੀ,8,23,False
catastrophic,ਅਕ੍ਰਿਤਘਣ,69,811,False
catching,ਸੰਚਾਰੀ,150,21,False
caustic,ਰੁੱਖੀ,12,17,False
centered,ਕੇਂਦਰਤ,55,511,False
central,ਮੂਲ,7740,4115,False
centralised,ਕੇਂਦਰਤ,14,511,False
centralized,ਕੇਂਦਰਤ,43,511,False
cerebral,ਮਾਨਸਿਕ,78,4190,False
changeable,ਬਦਲਣਯੋਗ,41,19,False
changed,ਬਦਲਾਵ,6717,723,False
charged,ਭਰਪੂਰ,1343,5225,False
charmed,ਆਕਰਸ਼ਿਤ,29,135,False
charming,ਜਾਦੂਈ,476,282,False
cheating,ਕਾਮੁਕ,487,31,False
chinese,ਚਾਈਨੀਜ਼,3302,26,False
choked,ਰੁਕਣ,45,876,False
choppy,ਮਨਮੌਜੀ,8,9,False
civil,ਦੀਵਾਨੀ,4508,40,False
civilised,ਨੇਕ,36,515,False
civilized,ਨੇਕ,43,515,False
classical,ਅਧਿਕਾਰਿਕ,736,238,False
clear,ਛੱਡਣਾ,6528,687,False
cleared,ਬਰੀ,473,929,False
clogged,ਰੁਕਣ,42,876,False
clogging,ਅਟਕ,20,73,False
close,ਨਿਪਟਣਾ,5056,16,False
clothed,ਲਪੇਟਿਆ,8,70,False
collected,ਸੰਗਠਿਤ,1111,548,False
colored,ਪੱਖਪਾਤੀ,442,101,False
coloured,ਸ਼ਾਮ,156,2412,False
combined,ਮਿਲਿਆ,1274,5120,False
comic,ਕਮੇਡੀ,120,35,False
comical,ਕਮੇਡੀ,21,35,False
coming,ਭਾਵੀ,7368,27,False
commemorating,ਯਾਦਗਾਰੀ,45,734,False
commendable,ਸਲਾਹੁਣਯੋਗ,216,55,False
commissioned,ਨਿਯੁਕਤ,89,2480,False
committed,ਭਾਵਕ,3237,10,False
common,ਮਿਲਾਵਟੀ,11446,74,False
communicable,ਸੰਚਾਰੀ,25,21,False
complete,ਚੁਕਣਾ,5892,27,False
completing,ਸੰਪੂਰਕ,704,84,False
complicated,ਔਖੇ,2268,356,False
computerised,ਕੰਪਿਊਟਰੀਕਰਨ,22,21,False
computerized,ਕੰਪਿਊਟਰੀਕਰਨ,42,21,False
concealed,ਡੁੱਬਦਾ,54,10,False
concentrated,ਸੁੰਦਰ,204,15583,False
concerted,ਵਿਚਾਲੇ,132,6828,False
connected,ਸਬੰਧੀ,1954,24966,False
connecting,ਸੰਯੋਜਕ,468,22,False
conscious,ਚੇਤਨ,513,95,False
consecrated,ਸ਼ੁੱਧ,21,334,False
consecutive,ਲੜੀਵਾਰ,774,203,False
considered,ਵਿਚਾਰਿਆ,5877,427,False
constant,ਬੇਰੋਕ,1511,86,False
constituted,ਗਠਿਤ,1080,615,False
constitutional,ਵਿਧਾਨਿਕ,774,55,False
constrained,ਜਾਲੀ,37,77,False
contagious,ਸੰਚਾਰੀ,236,21,False
contaminated,ਗੰਧਲਾ,207,26,False
contemporary,ਹਾਣੀ,569,82,False
contented,ਸੰਤੋਖੀ,64,10,False
contracted,ਇਕੱਠਾ,142,1399,False
contrary,ਢੀਠ,617,188,False
controlled,ਕਾਬੂ,617,8400,False
convinced,ਕਾਇਲ,675,44,False
convoluted,ਪੇਚੀਦਾ,31,125,False
cooked,ਬਣਿਆ,543,3886,False
copious,ਕਾਫੀ,27,22971,False
corporal,ਦੇਹਧਾਰੀ,14,26,False
corporate,ਦੇਹਧਾਰੀ,716,26,False
corrupted,ਭ੍ਰਿਸ਼ਟਾਚਾਰੀ,18,13,False
cosmetic,ਸਜਾਵਟੀ,394,781,False
costly,ਕੀਮਤੀ,535,2108,False
courageous,ਬਹਾਦੁਰ,194,195,False
cowardly,ਗਿੱਦੜ,65,33,False
cracking,ਭੰਗ,80,997,False
craved,ਅਭਿਲਾਸ਼ਾ,13,14,False
creative,ਰਚਨਾਤਮਕ,2039,2046,False
criminal,ਅਪਰਾਧਿਕ,2168,880,False
critical,ਨੁਕਤਾਚੀਨੀ,2542,258,False
cultivable,ਕਿਰਸਾਨੀ,11,20,False
cultivated,ਨੇਕ,97,515,False
cultural,ਸੰਸਕ੍ਰਿਤਕ,3523,21,False
cultured,ਨੇਕ,30,515,False
curable,ਉਪਚਾਰ,41,410,False
curious,ਉਤਸਕ,1352,21,False
cyclical,ਚੱਕਰੀ,19,10,False
daily,ਦਿਨ-ਬਦਿਨ,7090,14,False
damaged,ਨੁਕਸਾਨੀ,2513,368,False
dangerous,ਨਾਜੁਕ,3918,118,False
dashing,ਰੰਗੀਲਾ,26,21,False
dazzling,ਚਕਾਚੌਂਧ,51,9,False
dead,ਮੁਰਦਾ,7689,181,False
deadly,ਜ਼ਹਿਰੀਲਾ,747,78,False
declared,ਤਸਦੀਕ,3172,385,False
decreasing,ਘਟਣਾ,169,195,False
dedicated,ਅਰਪਿਤ,1113,57,False
defeated,ਹਾਰੇ,1026,134,False
defective,ਮੈਲਾ,32,34,False
definitive,ਅਧਿਕਾਰਿਕ,152,238,False
dejected,ਉਦਾਸ,50,2240,False
delectable,ਮਜ਼ੇਦਾਰ,28,491,False
delicious,ਮਜ਼ੇਦਾਰ,2602,491,False
delighted,ਗਦਗਦ,614,34,False
demented,ਬੋਲਾ,11,19,False
democratic,ਲੋਕਤੰਤਰਿਕ,1180,123,False
demolished,ਢੱਠੇ,111,9,False
demonstrated,ਪ੍ਰਦਰਸ਼ਿਤ,227,119,False
depressed,ਪੀੜਤ,384,5827,False
deprived,ਮਹਿਰੂਮ,255,41,False
deserving,ਵਿਸ਼ੇਸ਼,115,6944,False
desired,ਅਭਿਲਾਸ਼ਾ,1287,14,False
desirous,ਲੋਭ,30,42,False
detached,ਅਲਗ,37,169,False
detailed,ਵਿਸਤਰਿਤ,1890,10,False
devoted,ਪਰਮ,395,767,False
diabetic,ਸ਼ੂਗਰ,180,1051,False
different,ਬੇਮੇਲ,29550,13,False
difficult,ਅਪਾਰ,11398,95,False
digested,ਹਜ਼ਮ,45,171,False
digestible,ਨਰਮ,36,3030,False
dilapidated,ਖਸਤਾ,40,143,False
direct,ਸਿੱਧਾ,2192,2409,False
disabled,ਅੰਗਹੀਣ,229,46,False
disadvantaged,ਮਹਿਰੂਮ,42,41,False
disapproved,ਅਸਹਿਮਤ,13,235,False
discernible,ਦਰਸ਼ਨੀ,10,18,False
disciplined,ਨੇਮੀ,63,51,False
disenchanted,ਤਿਆਗੀ,13,125,False
disgruntled,ਬੇਸਬਰਾ,22,142,False
disgusting,ਈਰਖਾਲੂ,182,25,False
disinterested,ਨਿਰਸਵਾਰਥ,12,54,False
dismantled,ਢੱਠੇ,20,9,False
displeased,ਗੁੱਸੇ,26,1570,False
disputed,ਵਿਵਾਦਤ,203,348,False
dissatisfied,ਬੇਸਬਰਾ,91,142,False
dissenting,ਅਸਹਿਮਤ,8,235,False
dissipated,ਪਖੰਡੀ,21,24,False
distinguished,ਉੱਤਮ,508,677,False
distracted,ਚੰਚਲ,132,83,False
distressed,ਪੀੜਤ,148,5827,False
distressing,ਸੋਚਣਯੋਗ,109,9,False
disturbing,ਸੋਚਣਯੋਗ,273,9,False
diverting,ਆਨੰਦਮਈ,42,65,False
divided,ਅਲੱਗ,2961,2722,False
domestic,ਦੇਸੀ,1859,518,False
domesticated,ਘਰੇਲੂ,24,4291,False
dominating,ਭਾਰੂ,27,88,False
done,ਅੰਤ,21911,10405,False
doomed,ਚੰਦਰਾ,60,138,False
double,ਦੁਗਣਾ,1370,45,False
doubled,ਦੁੱਗਣਾ,94,117,False
dramatic,ਨਾਟਕੀ,246,220,False
dreaded,ਘਮਸਾਨ,85,75,False
drenched,ਲੱਥਪੱਥ,17,31,False
dual,ਦੋਹਰੀ,329,137,False
dubious,ਸ਼ੱਕੀ,71,1387,False
due,ਬਾਕੀ,14265,13520,False
durable,ਪਾਏਦਾਰ,389,18,False
earned,ਕਮਾਇਆ,606,117,False
earthly,ਸੰਸਾਰਿਕ,27,59,False
eastern,ਪੂਰਬੀ,1055,2356,False
easy,ਧੀਮਾ,21424,12,False
easygoing,ਮਸਤੀਖੋਰ,11,245,False
economic,ਅਰਥਸ਼ਾਸਤਰੀ,3118,42,False
economical,ਅਰਥਸ਼ਾਸਤਰੀ,245,42,False
ecstatic,ਗਦਗਦ,77,34,False
edible,ਖਾਣਪੀਣ,179,22,False
edited,ਸੰਪਾਦਤ,68,13,False
educated,ਸਿੱਖਿਅਤ,413,183,False
educational,ਸਿੱਖਿਆਦਾਇਕ,2134,44,False
effective,ਪ੍ਰਭਾਵੀ,4382,1519,False
egalitarian,ਕਮਿਊਨਿਸਟ,19,456,False
egyptian,ਮਿਸਰੀ,74,53,False
elaborated,ਵਿਸਤਰਿਤ,59,10,False
elated,ਖੁਸ਼,101,4379,False
elderly,ਸਿਆਣੇ,658,275,False
electoral,ਚੋਣਾਵੀ,731,50,False
electrical,ਇਲੈਕਟ੍ਰੋਨਿਕ,870,216,False
electrifying,ਰੋਮਾਂਚਿਕ,10,73,False
elusive,ਮੁਸ਼ਕਿਲ,73,1832,False
embarrassed,ਜਲੀਲ,315,33,False
embodied,ਦੇਹਧਾਰੀ,49,26,False
emotional,ਭਾਵਾਤਮਕ,1161,96,False
emphatic,ਜਬਰਦਸਤ,59,196,False
empty,ਸੱਖਣਾ,976,16,False
enchanting,ਮਨਮੋਹਕ,60,110,False
encompassing,ਵਿਸਤਰਿਤ,39,10,False
encouraged,ਉਤਸ਼ਾਹਿਤ,745,2124,False
encouraging,ਉਤਸ਼ਾਹਪੂਰਵਕ,369,22,False
endemic,ਸਥਾਨਕ,33,9008,False
endorsed,ਸਮਰਥਿਤ,83,89,False
engaged,ਜੁਟਿਆ,1433,70,False
english,ਇੰਗਲਿਸ਼,4484,171,False
engrossed,ਲੁਪਤ,30,40,False
enlightened,ਸੁਰੱਖਿਅਤ,35,10522,False
entangled,ਉਲਝਿਆ,21,32,False
enthralling,ਮਨਮੋਹਕ,34,110,False
entire,ਭਰਪੂਰ,6941,5225,False
entrepreneurial,ਮਿਹਨਤੀ,61,692,False
enveloped,ਪ੍ਰਭਾਵਿਤ,31,7495,False
envious,ਈਰਖਾਲੂ,56,25,False
equal,ਪਾਉਣਾ,2949,1300,False
equipped,ਲੈਸ,3418,6636,False
erotic,ਰੰਗੀਨ,40,571,False
escaped,ਭਗੋੜੇ,574,11,False
established,ਗਠਿਤ,1462,615,False
eternal,ਅਨਾਦਿ,344,51,False
ethical,ਸਾਰਥਕ,107,242,False
ethiopian,ਇਥੋਪੀਅਨ,43,13,False
ethnic,ਕਾਫ਼ਰ,244,15,False
evasive,ਕਠਿਨ,9,388,False
everlasting,ਪੱਕਾ,65,2686,False
every,ਹਰੇਕ,19246,9280,False
exasperated,ਉਤੇਜਿਤ,13,69,False
exceptional,ਸਪੈਸ਼ਲ,395,653,False
excited,ਭਾਵਾਤਮਕ,2850,96,False
exciting,ਭੜਕਾਊ,2103,363,False
excused,ਮੁਆਫ਼,18,293,False
exhausting,ਥਕਾਊ,107,17,False
existing,ਮੌਜੂਦ,1085,13462,False
exonerated,ਬਰੀ,21,929,False
exotic,ਅਜੀਬੋਗਰੀਬ,203,17,False
expensive,ਮਹਿੰਗਾ,4118,3860,False
experienced,ਉਸਤਾਦ,1735,86,False
explosive,ਵਿਸਫੋਟਕ,186,267,False
exposed,ਬੇਪਰਦ,393,17,False
expressed,ਵਿਅਕਤ,4084,160,False
expressive,ਪੇਸ਼ਕਾਰੀ,144,385,False
extended,ਖੁੱਲਾ,1202,120,False
extensive,ਵਿਸਤਰਿਤ,652,10,False
external,ਬਾਹਰੀ,2435,2549,False
extra,ਅਤਿਰਿਕਤ,2419,198,False
fabricated,ਹਵਾਈ,65,8311,False
fabulous,ਪੌਰਾਣਿਕ,863,22,False
factual,ਪ੍ਰਮਾਣਿਕ,118,187,False
false,ਬਣਾਵਟੀ,1967,24,False
familial,ਖਾਨਦਾਨੀ,10,19,False
fancied,ਹਵਾਈ,20,8311,False
fanciful,ਕਲਪਤ,14,137,False
fascinating,ਮਨਮੋਹਕ,963,110,False
favored,ਲਾਡਲਾ,23,22,False
feasible,ਕਰਨਯੋਗ,193,62,False
feeble,ਨਿਰਬਲ,29,21,False
fibrous,ਰੇਸ਼ੇਦਾਰ,35,19,False
fictional,ਹਵਾਈ,95,8311,False
fictitious,ਹਵਾਈ,43,8311,False
financial,ਮਾਲੀ,4080,821,False
finnish,ਫਿਨਿਸ਼,73,9,False
first,ਪੂਰਵ,52214,349,False
fiscal,ਮਾਲੀ,241,821,False
fixed,ਲੱਗਾ,1234,4598,False
flat,ਬੇਝਿਜਕ,696,28,False
floating,ਤੈਰਦਾ,159,11,False
floral,ਫੁੱਲਦਾਰ,293,110,False
flourishing,ਵਿਕਾਸਸ਼ੀਲ,32,90,False
flowing,ਵਗਦਾ,301,130,False
focused,ਕੇਂਦਰਤ,642,511,False
following,ਪੈਰਵੀ,14356,226,False
forced,ਜਾਲੀ,1012,77,False
foreign,ਅੰਤਰਰਾਸ਼ਟਰੀ,4216,2174,False
forested,ਜੰਗਲੀ,22,934,False
forgivable,ਮਾਫੀ,9,395,False
formal,ਨਕਲੀ,551,977,False
formed,ਮੂਰਤ,3009,174,False
former,ਸਾਬਕਾ,12678,17499,False
forthcoming,ਆਗਾਮੀ,465,562,False
fourth,ਪਾਓ,2015,3464,False
free,ਕੱਢਣਾ,20362,418,False
french,ਫ੍ਰੈਂਚ,1239,340,False
fresh,ਨਿਕੰਮਾ,3319,123,False
friendly,ਦੋਸਤਾਨਾ,5787,2696,False
frightened,ਘਬਰਾਇਆ,365,279,False
frightening,ਘਮਸਾਨ,297,75,False
frozen,ਢਿੱਲਾ,222,109,False
fulfilled,ਭਰਪੂਰ,989,5225,False
full,ਖਚਾ-ਖਚ,6752,11,False
functional,ਅਸਲੀ,560,6479,False
fundamental,ਮੂਲ,811,4115,False
gathered,ਸੰਗਠਿਤ,1343,548,False
genetic,ਖਾਨਦਾਨੀ,277,19,False
geographic,ਭੂਗੋਲਿਕ,60,390,False
geographical,ਭੂਗੋਲਿਕ,268,390,False
german,ਜਰਮਨ,896,922,False
gifted,ਗੁਣਵਾਨ,142,21,False
glacial,ਢਿੱਲਾ,9,109,False
glittering,ਚਮਕਦਾ,27,113,False
glorious,ਸੁਹਾਵਣਾ,266,1626,False
godly,ਦੇਵ,14,3485,False
golden,ਸਵਰਨ,802,155,False
good,ਸੌਦਾ,54782,603,False
gorgeous,ਚਮਕੀਲਾ,1514,227,False
gothic,ਗੋਥਿਕ,80,58,False
grammatical,ਵਿਆਕਰਨਿਕ,47,13,False
grasping,ਲੋਭੀ,19,29,False
gratifying,ਸਬਰ,79,1449,False
gratuitous,ਮੁਕਤ,14,1456,False
great,ਵੱਡਾ,29920,18896,False
green,ਹਰਾ,3370,1807,False
grievous,ਭਿਆਨਕ,104,4846,False
gross,ਪੱਕਾ,275,2686,False
groundbreaking,ਨਿਵੇਕਲਾ,27,450,False
grueling,ਕਠਿਨ,35,388,False
gruelling,ਕਠਿਨ,25,388,False
guilty,ਗੁਨਾਹਗਾਰ,2163,60,False
handicapped,ਅੰਗਹੀਣ,31,46,False
happy,ਖੁਸ਼ਹਾਲ,14808,316,False
harassed,ਵਿਆਕੁਲ,181,37,False
hard,ਅਡੋਲ,11901,284,False
hardworking,ਮਿਹਨਤੀ,144,692,False
harmonious,ਮਿਲਣਸਾਰ,285,493,False
harried,ਵਿਆਕੁਲ,12,37,False
hazardous,ਸੰਕਟਮਈ,156,13,False
healthy,ਫਿਟ,10247,180,False
heartbreaking,ਦੁੱਖਦਾਈ,95,125,False
heated,ਤਪਾ,715,38,False
heavenly,ਸਵਰਗੀ,93,184,False
heavy,ਕਠਿਨ,4589,388,False
heinous,ਭਿਆਨਕ,196,4846,False
hideous,ਭਿਅੰਕਰ,37,136,False
high,ਬੁਲੰਦ,18283,533,False
hilly,ਪਰਬਤੀ,87,29,False
historical,ਇਤਿਹਾਸਕ,1500,3022,False
honorable,ਸਤਿਕਾਰਯੋਗ,93,121,False
honored,ਆਦਰਯੋਗ,352,29,False
honourable,ਸਾਰਥਕ,79,242,False
honoured,ਆਦਰਯੋਗ,1468,29,False
horrendous,ਘਮਸਾਨ,58,75,False
hot,ਘਾਤਕ,4161,1052,False
humble,ਤੁੱਛ,405,33,False
humiliated,ਜਲੀਲ,46,33,False
humongous,ਮਹਾਨ,16,5365,False
humorous,ਮਜ਼ਾਕੀਆ,59,15,False
humourous,ਮਜ਼ਾਕੀਆ,8,15,False
idealistic,ਆਦਰਸ਼ਵਾਦੀ,19,9,False
identical,ਸਮਾਨ,542,3225,False
idle,ਬੇਰੋਜਗਾਰ,88,16,False
illuminated,ਉਜਲ,52,10,False
illuminating,ਪ੍ਰਕਾਸ਼ਕ,8,32,False
imaginary,ਕਲਪਤ,51,137,False
imagined,ਕਲਪਤ,286,137,False
immeasurable,ਅਸੀਮਤ,17,68,False
immoral,ਗਲਤ,69,11604,False
impartial,ਆਜ਼ਾਦ,98,1010,False
impassable,ਅਗੰਮ,8,12,False
imperceptible,ਅਗਿਆਤ,12,101,False
imperial,ਰਾਜਸੀ,87,434,False
impervious,ਅਗਮ,11,25,False
important,ਅਮਲੀ,34400,780,False
imported,ਅਯਾਤ,169,9,False
imposing,ਆਲੀਸ਼ਾਨ,120,50,False
impossible,ਅਨਹੋਣੀ,2849,1414,False
impoverished,ਬੇਸਹਾਰਾ,24,202,False
impregnable,ਅਭੇਦ,10,47,False
impulsive,ਮਨਮਾਨੀ,29,75,False
inactive,ਵਿਰਾਮ,44,86,False
incapable,ਅਯੋਗ,63,336,False
inclined,ਭਰੀਆਂ,170,451,False
inconsequential,ਬੇਕਾਰ,29,1443,False
incorporated,ਸ਼ਾਮਿਲ,187,2844,False
increasing,ਵੱਧਦਾ,4492,1033,False
independent,ਪ੍ਰਧਾਨ,1471,47037,False
indestructible,ਪੱਕਾ,9,2686,False
indian,ਹਿੰਦੋਸਤਾਨੀ,27588,15,False
indicative,ਵਾਹਕ,79,36,False
indigenous,ਸਥਾਨਕ,234,9008,False
indivisible,ਅਟੁੱਟ,14,510,False
indonesian,ਇੰਡੋਨੇਸ਼ੀਆਈ,140,21,False
industrial,ਉਦਯੋਗਿਕ,1373,1434,False
industrialized,ਉਦਯੋਗਿਕ,12,1434,False
industrious,ਮਿਹਨਤੀ,19,692,False
ineligible,ਅਯੋਗ,38,336,False
inevitable,ਅਮਿੱਟ,226,36,False
inexpensive,ਸਸਤਾ,655,2252,False
inexperienced,ਅਨਾੜੀ,59,26,False
infamous,ਬਦਨਾਮ,52,411,False
infected,ਸੰਕ੍ਰਮਿਤ,1338,337,False
inherited,ਖਾਨਦਾਨੀ,79,19,False
inimical,ਅਣਜਾਣ,9,844,False
innovative,ਨਿਵੇਕਲਾ,338,450,False
innumerable,ਬੇਅੰਤ,34,750,False
inspirational,ਪ੍ਰੇਰਣਾਦਾਇਕ,96,110,False
inspiring,ਪ੍ਰੇਰਕ,316,289,False
instinctive,ਸੁਭਾਵਿਕ,15,258,False
institutional,ਸੰਸਥਾਗਤ,148,237,False
integrated,ਮਿਸ਼ਰਤ,408,34,False
intellectual,ਧੀਮਾਨ,221,54,False
interesting,ਦਿਲਚਸਪ,10133,15244,False
interfering,ਵਿਰੋਧੀ,59,7649,False
internal,ਅੰਤਰੰਗ,2079,29,False
international,ਇੰਟਰਨੈਸ਼ਨਲ,7412,737,False
intolerable,ਅਸਹਿਣਯੋਗ,48,20,False
invaluable,ਬਹੁਮੁੱਲੇ,124,15,False
invented,ਹਵਾਈ,106,8311,False
invincible,ਅਜਿੱਤ,35,21,False
invisible,ਲੁਪਤ,135,40,False
involved,ਪੇਚੀਦਾ,4267,125,False
iranian,ਈਰਾਨੀ,265,216,False
irritable,ਜਿੱਦੀ,82,10,False
irritating,ਕਸ਼ਟਦਾਈ,83,225,False
islamic,ਇਸਲਾਮਿਕ,852,780,False
israeli,ਇਸਰਾਇਲੀ,285,12,False
italian,ਇਟਾਲੀਅਨ,635,169,False
japanese,ਜਪਾਨੀ,698,258,False
jealous,ਈਰਖਾਲੂ,175,25,False
jolly,ਰੰਗੀਲਾ,107,21,False
joyous,ਅਨੰਦਮਈ,142,183,False
kidnapped,ਕਿਡਨੈਪ,207,12,False
knowing,ਸੁਰੱਖਿਅਤ,545,10522,False
knowledgeable,ਸੁਰੱਖਿਅਤ,371,10522,False
known,ਸਮਝ,6766,11302,False
laborious,ਕਠਿਨ,98,388,False
lacking,ਅਸੰਭਵ,171,3356,False
large,ਉਦਾਰ,15251,95,False
last,ਰਹਿਣਾ,12054,4794,False
lasting,ਪਾਏਦਾਰ,171,18,False
late,ਚਿਰ,3296,3189,False
latest,ਚਾਲੂ,2137,1300,False
laudable,ਸਲਾਹੁਣਯੋਗ,39,55,False
laughable,ਕਮੇਡੀ,26,35,False
leading,ਰਹਿਨੁਮਾਈ,2233,47,False
learned,ਸੁਰੱਖਿਅਤ,1484,10522,False
least,ਥੋੜ੍ਹਾ,19109,4470,False
legal,ਕਾਨੂੰਨੀ,4084,6062,False
legislative,ਵਿਧਾਨਿਕ,622,55,False
lexical,ਸ਼ਬਦ,24,1364,False
liberal,ਉਦਾਰਵਾਦੀ,140,50,False
liberated,ਮੁਕਤ,44,1456,False
licenced,ਨਿਯੁਕਤ,8,2480,False
licensed,ਨਿਯੁਕਤ,188,2480,False
lighted,ਉਜਲ,24,10,False
limited,ਕੱਚਾ,2484,519,False
linguistic,ਭਾਸ਼ਾਈ,48,16,False
literary,ਸਾਹਿਤਿਕ,411,43,False
little,ਅੰਸ਼,10999,182,False
live,ਸਮਝਣਾ,7233,1726,False
lively,ਸਜੀਵ,152,123,False
loaded,ਟੱਲੀ,268,39,False
local,ਸਥਾਨਿਕ,7546,170,False
located,ਸਥਿਤ,6291,10018,False
logical,ਤਰਕਸੰਗਤ,365,135,False
lonely,ਇਕਲਾ,384,42,False
long,ਦੂਰਦ੍ਰਿਸ਼ਟੀ,15022,10,False
loose,ਭਗੋੜੇ,312,11,False
lost,ਅਪੰਗ,5777,41,False
loving,ਪ੍ਰੇਮੀ,1315,1479,False
low,ਪੀੜਤ,4077,5827,False
lowly,ਨੀਵੇਂ,8,188,False
lucky,ਖੁਸ਼ਨਸੀਬ,948,22,False
ludicrous,ਬਦਨਾਮ,52,411,False
luscious,ਮਜ਼ੇਦਾਰ,11,491,False
lustrous,ਚਮਕਦਾਰ,17,3274,False
lying,ਕੂੜ,665,108,False
lymphatic,ਲਾਰ,19,49,False
made,ਕਿਰਤ,28168,642,False
magical,ਜਾਦੂਈ,438,282,False
magnanimous,ਉਦਾਰ,17,95,False
magnetic,ਚੁੰਬਕੀ,95,97,False
maimed,ਵਿਕਲਾਂਗ,21,16,False
main,ਪ੍ਰਬਲ,14107,132,False
majestic,ਰਾਜਸੀ,112,434,False
major,ਵੱਡਾ,6363,18896,False
malnourished,ਕੁਪੋਸ਼ਿਤ,22,14,False
mangled,ਫਟਿਆ,41,28,False
manifest,ਪ੍ਰਤੱਖ,257,284,False
manly,ਮਰਦਾਨਾ,22,44,False
marked,ਅੰਕਿਤ,330,195,False
married,ਵਿਆਹਿਆ,4370,319,False
marvellous,ਚਮਤਕਾਰੀ,129,213,False
marvelous,ਚਮਤਕਾਰੀ,234,213,False
measured,ਤੁਲਿਆ,571,27,False
mechanical,ਯੰਤਰਿਕ,662,91,False
medical,ਜਾਂਚ,11381,43163,False
memorable,ਅਭੁੱਲ,468,519,False
merged,ਸ਼ਾਮਿਲ,131,2844,False
mexican,ਮੈਕਸੀਕਨ,139,76,False
military,ਸੈਨਿਕ,3044,915,False
million,ਮਿਲੀਅਨ,3110,1659,False
mined,ਮਾਈਨਿੰਗ,22,374,False
miraculous,ਚਮਤਕਾਰੀ,110,213,False
mischievous,ਬਦਮਾਸ਼,71,213,False
missing,ਅਸੰਭਵ,2060,3356,False
missionary,ਮਿਸ਼ਨਰੀ,31,33,False
mixed,ਅੰਤਰਜਾਤੀ,831,13,False
modest,ਸਰਲ,270,964,False
molded,ਬਣੀ,11,4940,False
monstrous,ਭਿਆਨਕ,29,4846,False
monthly,ਮਾਸਿਕ,495,206,False
moral,ਸਬਕ,470,743,False
mortified,ਜਲੀਲ,30,33,False
motivated,ਪ੍ਰੇਰਿਤ,435,2936,False
mountainous,ਪਰਬਤੀ,97,29,False
movable,ਅਟਿਕ,26,9,False
moving,ਪ੍ਰਚਲਿਤ,1437,306,False
much,ਖ਼ੂਬ,34699,610,False
murdered,ਮ੍ਰਿਤ,714,146,False
musical,ਸੰਗੀਤਮਈ,550,11,False
mutilated,ਵਿਕਲਾਂਗ,55,16,False
mutual,ਪਰਸਪਰ,651,187,False
mysterious,ਰਹੱਸਮਈ,410,457,False
mystic,ਰਹੱਸਮਈ,14,457,False
mystical,ਰਹੱਸਮਈ,76,457,False
mythical,ਪੌਰਾਣਿਕ,35,22,False
mythological,ਪੌਰਾਣਿਕ,29,22,False
naked,ਨਿਰਵਸਤਰ,189,134,False
named,ਨਾਮੀ,2387,309,False
narrative,ਸਟੋਰੀ,180,475,False
national,ਪਰਜਾ,12413,134,False
natural,ਪਾਤਰ,6007,820,False
near,ਪ੍ਰਿਯ,4242,11,False
needed,ਆਵਸ਼ਕ,8049,9,False
needful,ਆਵਸ਼ਕ,30,9,False
negative,ਨੈਗੇਟਿਵ,2583,681,False
neglected,ਅਣਦੇਖਿਆ,162,56,False
nepalese,ਨੇਪਾਲੀ,91,186,False
nervous,ਉਤਾਵਲਾ,1213,29,False
netted,ਜਾਲੀਦਾਰ,18,25,False
new,ਕੱਚਾ,39646,519,False
newborn,ਨਵ-ਜੰਮੇ,499,49,False
next,ਅਗਲਾ,10321,1891,False
nice,ਸੂਖਮ,8338,354,False
niggling,ਮਾਮੂਲੀ,13,2113,False
nigh,ਨਜਦੀਕੀ,15,110,False
nimble,ਫੁਰਤੀਲਾ,11,39,False
ninth,ਨੌਵਾਂ,166,44,False
nitric,ਨਾਈਟ੍ਰਿਕ,11,12,False
noble,ਆਲੀਸ਼ਾਨ,306,50,False
nomadic,ਵਣਜਾਰਾ,10,11,False
nominated,ਨਾਮਜ਼ਦ,580,951,False
nonsensical,ਬਕਵਾਸ,43,506,False
northern,ਉਤਰੀ,1205,412,False
norwegian,ਨਾਰਵੇਜੀਅਨ,74,23,False
notable,ਵਿਚਾਰਨਯੋਗ,388,128,False
noteworthy,ਵਿਚਾਰਨਯੋਗ,266,128,False
notional,ਕਲਪਤ,10,137,False
notorious,ਬਦਨਾਮ,83,411,False
nourishing,ਪੋਸ਼ਟਿਕ,46,117,False
numeric,ਸੰਖਿਆਤਮਕ,18,63,False
numerical,ਸੰਖਿਆਤਮਕ,67,63,False
nuptial,ਵਿਵਾਹਿਕ,9,37,False
nutritious,ਪੋਸ਼ਟਿਕ,531,117,False
obese,ਬੇਡੌਲ,155,22,False
objectionable,ਇਤਰਾਜਯੋਗ,123,9,False
obliging,ਦਿਆਲੂ,23,973,False
oblivious,ਭੁੱਲੜ,70,16,False
obnoxious,ਇਤਰਾਜਯੋਗ,48,9,False
observable,ਦਰਸ਼ਨੀ,11,18,False
obstructive,ਅਟਕ,51,73,False
occupied,ਜੁਟਿਆ,377,70,False
old,ਪ੍ਰਾਚੀਨ,3920,1405,False
older,ਜੇਠਾ,1495,28,False
ominous,ਬੁਰਾ,52,5760,False
ongoing,ਚਾਲੂ,2541,1300,False
open,ਖੋਲਣਾ,7332,11,False
operable,ਅਸਲੀ,8,6479,False
operational,ਅਸਲੀ,372,6479,False
opinionated,ਢੀਠ,14,188,False
opportunistic,ਮੌਕਾਪ੍ਰਸਤ,22,34,False
opposed,ਵਿਰੋਧੀ,976,7649,False
opposing,ਵਿਰੋਧੀ,425,7649,False
oppressed,ਸਤਾਇਆ,37,11,False
oppressive,ਬੇਇਨਸਾਫੀ,27,121,False
optic,ਨੇਤਰ,15,34,False
optical,ਮੋਤੀਆ,70,37,False
optimistic,ਆਸ਼ਾਵਾਦੀ,202,34,False
optional,ਮਰਜ਼ੀ,235,431,False
oral,ਮੌਖਿਕ,413,178,False
ordered,ਤਰਕਸੰਗਤ,2855,135,False
orderly,ਤਰਕਸੰਗਤ,50,135,False
ordinary,ਮਾਮੂਲੀ,1317,2113,False
organic,ਜੀਵੰਤ,554,134,False
organized,ਕ੍ਰਮਵਾਰ,1287,585,False
original,ਦੇਸੀ,1601,518,False
orphaned,ਬੇਸਹਾਰਾ,14,202,False
outrageous,ਭਿਅੰਕਰ,90,136,False
outside,ਬਾਹਰ,3770,15836,False
outspoken,ਬੇਝਿਜਕ,29,28,False
outstanding,ਰਹਿੰਦਾ,993,6054,False
owed,ਰਹਿੰਦਾ,39,6054,False
owing,ਰਹਿੰਦਾ,322,6054,False
painted,ਨਕਲੀ,336,977,False
palatable,ਰੌਚਕ,11,167,False
panicked,ਘਬਰਾਇਆ,93,279,False
parasitic,ਪਰਜੀਵੀ,36,202,False
partial,ਪੱਖਪਾਤੀ,278,101,False
particular,ਸਪੈਸ਼ਲ,2970,653,False
passable,ਵਿਰਾਨ,18,26,False
patriotic,ਦੇਸ਼ਭਗਤ,115,17,False
peaked,ਬਿਮਾਰ,9,1188,False
pending,ਵਿਚਾਰਅਧੀਨ,1147,27,False
perceived,ਅਨੁਭਵ,159,4789,False
perceptible,ਪ੍ਰਤੱਖ,8,284,False
perfumed,ਖੁਸ਼ਬੂਦਾਰ,9,23,False
periodical,ਨਿਸ਼ਚਿਤ,12,472,False
perpetual,ਅਨਾਦਿ,24,51,False
pessimistic,ਨਿਰਾਸ਼ਾਵਾਦੀ,42,11,False
pharmaceutical,ਔਸ਼ਧੀ,320,49,False
piercing,ਉੱਚੀ,28,1354,False
pious,ਅਨੁਯਾਈ,80,15,False
pissed,ਟੱਲੀ,185,39,False
placed,ਸਥਿਤ,1703,10018,False
planned,ਆਯੋਜਿਤ,1373,1319,False
plastered,ਟੱਲੀ,39,39,False
pleasing,ਸਬਰ,145,1449,False
plotted,ਆਯੋਜਿਤ,15,1319,False
plus,ਜੋੜਨਾ,800,399,False
poisonous,ਜ਼ਹਿਰੀਲਾ,280,78,False
polish,ਪੋਲਿਸ਼,126,11,False
political,ਸਿਆਸਤ,7333,2020,False
polluted,ਗੰਧਲਾ,279,26,False
poor,ਦੀਨ,2370,87,False
poorly,ਬਿਮਾਰ,154,1188,False
popular,ਪੋਪ,7128,191,False
porous,ਭੰਗ,28,997,False
portuguese,ਪੁਰਤਗਾਲੀ,53,90,False
possible,ਸੰਭਾਵਿਤ,13893,523,False
powerful,ਤੰਦਰੁਸਤ,2083,4202,False
practicable,ਕਰਨਯੋਗ,11,62,False
praising,ਸਵਾਗਤੀ,91,81,False
precious,ਅਮੁੱਲ,681,67,False
preferred,ਲਾਡਲਾ,342,22,False
prescribed,ਅਨੁਸਾਰ,1043,26567,False
presidential,ਪ੍ਰਧਾਨਗੀ,838,2681,False
previous,ਸਾਬਕਾ,1702,17499,False
private,ਨਿੱਜੀ,9280,9856,False
productive,ਉਪਜਾਊ,249,279,False
profitable,ਫਲਦਾਇਕ,504,90,False
prohibited,ਹਰਾਮ,668,72,False
projected,ਪ੍ਰਸਤਾਵਿਤ,129,565,False
promised,ਵਚਨਬੱਧ,961,1533,False
prophylactic,ਨਿਵਾਰਕ,24,69,False
proposed,ਪ੍ਰਸਤਾਵਿਤ,1146,565,False
prosperous,ਸਵਰਨ,143,155,False
protected,ਮਹਿਫੂਜ਼,847,15,False
proved,ਪ੍ਰਮਾਣਿਤ,1405,534,False
psychological,ਮਨੋਵਿਗਿਆਨਿਕ,876,85,False
published,ਪ੍ਰਕਾਸ਼ਿਤ,2175,667,False
punishing,ਕਠਿਨ,41,388,False
purified,ਨਿਰਮਲ,136,530,False
quadrilateral,ਚਤੁਰਭੁਜ,8,34,False
qualified,ਨਿਰਭਰ,1247,9663,False
quarterly,ਤਿਮਾਹੀ,46,418,False
quiet,ਬੁਝਾਉਣਾ,2126,14,False
racial,ਖਾਨਦਾਨੀ,94,19,False
raging,ਘਾਤਕ,121,1052,False
raised,ਉੱਚਾ,3518,1067,False
rapid,ਤੇਜ਼,795,3351,False
razed,ਢੱਠੇ,27,9,False
ready,ਖੜਨਾ,15688,9,False
real,ਅਸਥਾਈ,10854,909,False
realistic,ਅਕਲਪਿਤ,769,15,False
reasoned,ਵਿਚਾਰਿਆ,15,427,False
reassured,ਬੇਫਿਕਰ,46,31,False
reassuring,ਨਿਰਭੈ,49,35,False
received,ਰਵਾਇਤੀ,6967,1970,False
reciprocal,ਪਰਸਪਰ,30,187,False
reclining,ਲੇਟਿਆ,10,17,False
recognised,ਸਵੀਕਾਰ,745,5322,False
recognized,ਸਵੀਕਾਰ,1052,5322,False
red,ਕਸਾਈ,4826,13,False
refined,ਨਿਰਮਲ,276,530,False
reflected,ਪਰਿਵਰਤਿਤ,242,17,False
registered,ਰਜਿਸਟਰਡ,29032,881,False
related,ਵਾਰੇ,3578,261,False
religious,ਪੰਥੀ,2762,9,False
remaining,ਬਾਕੀ,1782,13520,False
removed,ਪਹਿਲਾਂ,1954,71175,False
renewable,ਨਵੀਨੀਕਰਣ,112,25,False
repeated,ਦੁਹਰਾਇਆ,889,930,False
repressed,ਦੱਬਿਆ,8,51,False
requested,ਪੂਜਨੀਕ,1747,25,False
required,ਜ਼ਰੂਰੀ,7848,9035,False
reserved,ਸੰਤੋਖੀ,924,10,False
respectable,ਸਤਿਕਾਰਯੋਗ,83,121,False
respected,ਸਨਮਾਨਤ,549,1027,False
responsible,ਜਿੰਮਾ,3374,17,False
restrained,ਸਰਲ,151,964,False
restricted,ਕਾਬੂ,344,8400,False
retail,ਰਿਟੇਲ,549,200,False
retired,ਰਿਟਾਇਰ,626,154,False
retiring,ਨਿਮਾਣਾ,48,21,False
revolting,ਈਰਖਾਲੂ,8,25,False
revolutionary,ਇਨਕਲਾਬੀ,276,222,False
rich,ਕਾਫੀ,4258,22971,False
ridiculous,ਬਦਨਾਮ,358,411,False
rigid,ਕਠੋਰ,124,321,False
risky,ਸੰਕਟਮਈ,256,13,False
roaring,ਗਰਜ,29,94,False
rooted,ਸਥਿਰ,96,1803,False
rose,ਗੁਲਾਬੀ,968,1081,False
rugged,ਸੰਘਰਸ਼ਮਈ,31,11,False
ruined,ਖਤਮ,309,7193,False
rural,ਗ੍ਰਾਮੀਣ,1885,133,False
russian,ਰਸ਼ੀਅਨ,3333,35,False
sacred,ਸ਼ੁੱਧ,469,334,False
safe,ਸੁਰੱਖਿਅਤ,5638,10522,False
said,ਕਹੀਆਂ,78064,101,False
sanctified,ਸ਼ੁੱਧ,10,334,False
sanctioned,ਸਹਿਮਤੀ,243,2920,False
satisfied,ਰਾਜਾ,1576,1636,False
satisfying,ਸਬਰ,351,1449,False
saturated,ਲੱਥਪੱਥ,399,31,False
scented,ਖੁਸ਼ਬੂਦਾਰ,13,23,False
scheduled,ਤਹਿ,1211,1251,False
scholastic,ਸਕੂਲੀ,11,1439,False
scientific,ਵਿਗਿਆਨਕ,1231,1337,False
scintillating,ਚਮਕਦਾ,47,113,False
scrumptious,ਮਜ਼ੇਦਾਰ,32,491,False
sealed,ਸੀਲਬੰਦ,386,57,False
seasonal,ਮੌਸਮੀ,165,317,False
seated,ਵਿਰਾਜਮਾਨ,221,15,False
second,ਸੈਕਿੰਡ,11767,156,False
secondary,ਗੌਣ,909,34,False
sectarian,ਸੰਪਰਦਾਇਕ,23,11,False
secured,ਬੰਧਨ,587,437,False
seeded,ਬੀਜੀ,46,52,False
selected,ਵਿਸ਼ਿਸ਼ਟ,1981,11,False
semantic,ਅਰਥੀ,23,119,False
senior,ਸਿਆਣੇ,6793,275,False
sensational,ਸਨਸਨੀਖੇਜ,117,18,False
sensitive,ਭਾਵਨਾਤਮਕ,1081,660,False
separated,ਵੱਖਰਾ,286,4700,False
septic,ਸੰਕ੍ਰਮਿਤ,42,337,False
sequential,ਲੜੀਵਾਰ,15,203,False
serbian,ਸਰਬਿਆਈ,25,26,False
serial,ਲੜੀਵਾਰ,182,203,False
serious,ਨਾਜੁਕ,8703,118,False
settled,ਗੁਲਜ਼ਾਰ,712,111,False
several,ਅਨੇਕਾਂ,20187,2037,False
severe,ਨਾਜੁਕ,2807,118,False
sexual,ਯੌਨ,1668,168,False
shaped,ਬਣੀ,79,4940,False
sharp,ਧਾਰਦਾਰ,866,14,False
shattered,ਚੂਰ-ਚੂਰ,213,15,False
shining,ਚਮਕਦਾਰ,80,3274,False
shocked,ਸੁੰਨ,1070,199,False
short,ਛੋਟਾ,3133,5658,False
siamese,ਥਾਈ,8,121,False
signed,ਹਸਤਾਖ਼ਰ,1149,63,False
sitting,ਵਿਰਾਜਮਾਨ,1824,15,False
situated,ਸਥਿਤ,790,10018,False
sizzling,ਤੱਤੀ,29,10,False
sloppy,ਦਲਦਲੀ,19,13,False
slow,ਧੀਮਾ,1228,12,False
sluggish,ਮੰਦ,53,25,False
small,ਛੋਟਾ,13282,5658,False
smashed,ਟੱਲੀ,160,39,False
smashing,ਬਾਂਕਾ,29,10,False
smiling,ਹਾਸੀ,567,19,False
snappy,ਰੰਗੀਲਾ,15,21,False
soaked,ਟੱਲੀ,105,39,False
soaking,ਲੱਥਪੱਥ,82,31,False
social,ਸਮਾਜਿਕ,17070,4441,False
soft,ਘੋਸ਼,1667,187,False
soiled,ਮਲੀਨ,28,19,False
solid,ਕੜਕ,857,203,False
solitary,ਮਹਿਜ,60,122,False
soluble,ਘੁਲਣਸ਼ੀਲ,108,21,False
sometime,ਪ੍ਰਾਚੀਨ,273,1405,False
southern,ਦੱਖਣੀ,903,5265,False
spanish,ਸਪੈਨਿਸ਼,420,43,False
speaking,ਬੋਲਦਾ,2984,543,False
special,ਸਪੈਸ਼ਲ,15488,653,False
specific,ਵਿਸ਼ੇਸ਼,3402,6944,False
spiritual,ਰੂਹਾਨੀ,558,296,False
spurious,ਦੋਗਲਾ,143,13,False
squandered,ਤਬਾਹ,31,1747,False
staged,ਅਭਿਨੀਤ,574,9,False
staring,ਪੱਕਾ,123,2686,False
starved,ਨਿਰਨਾ,18,13,False
starving,ਨਿਰਨਾ,84,13,False
stated,ਤਸਦੀਕ,2780,385,False
static,ਵਿਰਾਮ,118,86,False
stewed,ਉਬਲਿਆ,22,23,False
still,ਬੁਝਾਉਣਾ,18398,14,False
storied,ਛੱਤ,9,2242,False
strained,ਜਾਲੀ,151,77,False
strategic,ਕੂਟਨੀਤਕ,607,280,False
streaming,ਵਗਦਾ,132,130,False
stressed,ਉਚਾ,1000,96,False
strong,ਕੜਕ,5828,203,False
stunning,ਸਨਸਨੀਖੇਜ,1049,18,False
stupid,ਘੋਗਾ,592,9,False
submerged,ਕਾਈ,165,25,False
substantial,ਕੜਕ,349,203,False
sugary,ਮਿੱਠਾ,215,613,False
suitable,ਦਰੁਸਤ,2926,401,False
suited,ਦਰੁਸਤ,228,401,False
superfluous,ਵਾਧੂ,99,6918,False
supposed,ਪਾਖੰਡੀ,2609,86,False
suspended,ਮੁਲਤਵੀ,1893,960,False
swallowed,ਪ੍ਰਭਾਵਿਤ,19,7495,False
swedish,ਸਵੀਡਿਸ਼,176,17,False
systematic,ਨਿਯਮਬੱਧ,143,12,False
tactical,ਰਣਨੀਤੀਕ,38,17,False
taiwanese,ਚੀਨੀ,24,3282,False
talented,ਗੁਣਵਾਨ,779,21,False
talking,ਬੋਲਦੀ,4313,219,False
tangled,ਪੇਚੀਦਾ,12,125,False
taxable,ਟੈਕਸਯੋਗ,44,25,False
technical,ਉਦਯੋਗਿਕ,1849,1434,False
technological,ਉਦਯੋਗਿਕ,282,1434,False
tedious,ਅਕਾਊ,131,9,False
telling,ਥਿਰ,1129,20,False
temporary,ਅਸਥਾਈ,664,909,False
terrible,ਹਨੇਰੀ,1649,234,False
terrified,ਘਬਰਾਇਆ,339,279,False
tested,ਜਾਂਚਿਆ,1352,41,False
third,ਤਿਹਾਈ,6731,450,False
thoughtful,ਵਿਚਾਰਵਾਨ,246,73,False
thrilled,ਰੋਮਾਂਚਿਤ,457,845,False
thrilling,ਰੋਮਾਂਚਿਕ,166,73,False
thriving,ਵਿਕਾਸਸ਼ੀਲ,50,90,False
thumping,ਮਹਾਨ,95,5365,False
tired,ਨਿਢਾਲ,1365,25,False
tiring,ਥਕਾਊ,99,17,False
tortured,ਸਤਾਏ,138,45,False
total,ਟੋਟਲ,9960,19,False
touched,ਛੂਹਿਆ,370,64,False
tough,ਸੰਘਰਸ਼ਮਈ,2116,11,False
traditional,ਪੁਸ਼ਤੈਨੀ,1588,24,False
trained,ਉਸਤਾਦ,690,86,False
transmissible,ਖਾਨਦਾਨੀ,30,19,False
transmitted,ਖਾਨਦਾਨੀ,382,19,False
treated,ਨਿਰੋਗ,2969,53,False
tried,ਜਾਂਚਿਆ,3511,41,False
trillion,ਬਿਲੀਅਨ,75,276,False
trivial,ਮਾਮੂਲੀ,176,2113,False
tropical,ਊਸ਼ਣਕਟੀਬੰਧੀ,188,10,False
troubled,ਸੰਕਟਗ੍ਰਸਤ,328,18,False
troubling,ਸੋਚਣਯੋਗ,175,9,False
true,ਖਰਾ,14136,143,False
truncated,ਕੱਟਿਆ,8,1717,False
trusting,ਵਿਸ਼ਵਾਸੀ,191,18,False
tumultuous,ਸੰਕਟਗ੍ਰਸਤ,21,18,False
turned,ਫਟਿਆ,4332,28,False
typical,ਪ੍ਰਸਿੱਧ,727,6804,False
tyrannical,ਬੇਲਗਾਮ,11,46,False
ubiquitous,ਸਰਵਵਿਆਪਕ,25,36,False
ugly,ਭੈੜੀ,356,273,False
unaccountable,ਜਵਾਬਦੇਹ,8,214,False
unanimous,ਇਕਮੱਤ,156,13,False
unarmed,ਨਿਹੱਥੇ,31,229,False
unassailable,ਅਭੇਦ,42,47,False
unassuming,ਨਿਮਾਣਾ,16,21,False
unattainable,ਅਪ੍ਰਾਪਤ,21,17,False
unattended,ਅਣਦੇਖਿਆ,28,56,False
unattractive,ਭੱਦਾ,28,22,False
unavailable,ਅਪ੍ਰਾਪਤ,55,17,False
unbalanced,ਬੋਲਾ,29,19,False
unbearable,ਅਸਹਿਣਯੋਗ,70,20,False
unbeatable,ਅਜਿੱਤ,25,21,False
unbeaten,ਅਜਿਤ,126,90,False
unbecoming,ਅਸਮਾਜਿਕ,9,17,False
unbiased,ਇਨਸਾਫ,25,713,False
unbounded,ਬੇਹੱਦ,14,7883,False
unbridled,ਬੇਲਗਾਮ,8,46,False
uncertain,ਬਦਲਣਯੋਗ,167,19,False
unchecked,ਬੇਲਗਾਮ,8,46,False
unclaimed,ਲਾਵਾਰਿਸ,12,62,False
unclean,ਬਣਾਉਟੀ,22,53,False
uncommon,ਥੋੜ੍ਹੀ,286,2797,False
unconstitutional,ਅਸੰਵਿਧਾਨਕ,220,38,False
uncontrollable,ਉਪੱਦਰੀ,57,163,False
uncontrolled,ਬੇਕਾਬੂ,59,412,False
uncovered,ਬੇਪਰਦ,34,17,False
underlying,ਮੂਲ,181,4115,False
unearthly,ਰੂਹਾਨੀ,13,296,False
uneasy,ਉਤਾਵਲਾ,114,29,False
unending,ਅਨਾਦਿ,14,51,False
unfaithful,ਗੱਦਾਰ,15,311,False
unfavorable,ਪ੍ਰਤੀਕੂਲ,122,57,False
unfavourable,ਪ੍ਰਤੀਕੂਲ,13,57,False
unfounded,ਬੇਬੁਨਿਆਦ,120,1059,False
unfriendly,ਅਣਜਾਣ,15,844,False
ungrateful,ਅਕ੍ਰਿਤਘਣ,24,811,False
unheard,ਅਣਸੁਣੀ,40,32,False
unidentified,ਗੁਮਨਾਮ,2023,41,False
unified,ਸ਼ਾਮਿਲ,99,2844,False
unilateral,ਇਕਤਰਫ਼ਾ,81,68,False
uninformed,ਅਨਾੜੀ,14,26,False
uninhabited,ਉਜਾੜ,13,94,False
uninjured,ਤੰਦਰੁਸਤ,20,4202,False
united,ਵਿਚਾਲੇ,5905,6828,False
unknown,ਅਜਨਬੀ,1733,96,False
unlike,ਬੇਮੇਲ,315,13,False
unlucky,ਚੰਦਰਾ,31,138,False
unmarried,ਕੁਆਰੀ,51,58,False
unmatched,ਇਕਲਾ,20,42,False
unmistakable,ਪ੍ਰਤੱਖ,15,284,False
unnamed,ਗੁਮਨਾਮ,54,41,False
unnecessary,ਨਿਰਾਰਥਕ,608,10,False
unneeded,ਨਿਰਾਰਥਕ,8,10,False
unofficial,ਗੈਰਸਰਕਾਰੀ,41,9,False
unopposed,ਆਜਾਦ,73,70,False
unprecedented,ਅਸਾਧਾਰਣ,283,1028,False
unrefined,ਗੰਧਲਾ,9,26,False
unrelated,ਦੂਸਰਾ,40,1005,False
unreserved,ਜਰਨਲ,23,648,False
unresolved,ਅਣਸੁਲਝਿਆ,46,12,False
unrestricted,ਕਰਨਯੋਗ,9,62,False
unrivaled,ਇਕਲਾ,16,42,False
unruly,ਉਪੱਦਰੀ,33,163,False
unsatisfied,ਅਸੰਤੁਸ਼ਟ,30,40,False
unseemly,ਅਸਮਾਜਿਕ,11,17,False
unseen,ਅਣਦੇਖਿਆ,44,56,False
unsettled,ਬਦਲਣਯੋਗ,35,19,False
unsolved,ਅਣਸੁਲਝਿਆ,21,12,False
unspoken,ਸ਼ਾਂਤ,15,1549,False
unstoppable,ਬੇਰੋਕ,33,86,False
unsuccessful,ਫਲਾਪ,288,83,False
unsuitable,ਅਨਾੜੀ,24,26,False
untimely,ਬੇਵਕਤ,170,9,False
untiring,ਮਿਹਨਤੀ,24,692,False
untouched,ਵਾਂਝਾ,43,159,False
untrue,ਫਰੇਬ,265,18,False
unused,ਖ਼ਾਲੀ,10,292,False
unusual,ਅਲੱਗ,1866,2722,False
unwarranted,ਬੇਬੁਨਿਆਦ,67,1059,False
unwavering,ਸਪਾਟ,10,209,False
upcoming,ਆਗਾਮੀ,2546,562,False
upper,ਆਲਾ,745,147,False
usable,ਅਸਲੀ,58,6479,False
useable,ਅਸਲੀ,12,6479,False
used,ਜੂਠਾ,16558,9,False
useful,ਦਰੁਸਤ,5827,401,False
utilised,ਉਪਯੁਕਤ,130,65,False
utilized,ਉਪਯੁਕਤ,251,65,False
uttered,ਵਿਅਕਤ,70,160,False
various,ਰੰਗਾਰੰਗ,12022,457,False
venomous,ਰੁੱਖੀ,19,17,False
verified,ਪ੍ਰਮਾਣਿਤ,253,534,False
vertical,ਖੜਾ,140,1364,False
viable,ਕਰਨਯੋਗ,175,62,False
victorian,ਵਿਕਟੋਰੀਅਨ,29,16,False
victorious,ਜੇਤੂ,189,4605,False
vietnamese,ਵੀਅਤਨਾਮੀ,46,29,False
vindicated,ਬਰੀ,10,929,False
viral,ਵਾਇਰਲ,5862,6629,False
virtuous,ਅਣਵਿਆਹੀ,30,9,False
viscous,ਲੇਸਦਾਰ,23,53,False
vitiated,ਭ੍ਰਿਸ਼ਟਾਚਾਰੀ,9,13,False
voiced,ਘੋਸ਼,130,187,False
voluntary,ਸਵੈ-ਇੱਛਕ,155,21,False
wandering,ਵਣਜਾਰਾ,30,11,False
wanting,ਅਸੰਭਵ,593,3356,False
warranted,ਬੰਧਨ,62,437,False
washed,ਧੋਇਆ,869,21,False
wasted,ਤਬਾਹ,337,1747,False
waterlogged,ਦਲਦਲੀ,123,13,False
weak,ਨਿਰਬਲ,729,21,False
wearing,ਬੰਨ੍ਹਣ,1439,88,False
weeping,ਸੋਗਮਈ,52,22,False
well,ਸਰੋਤ,34985,3788,False
westerly,ਪੱਛਮੀ,15,4932,False
western,ਪੱਛਮੀ,1139,4932,False
whatever,ਜਿੰਨਾ,1591,2978,False
whimsical,ਮਨਮਾਨੀ,51,75,False
white,ਸਾਫ਼,5414,2250,False
whopping,ਮਹਾਨ,144,5365,False
wicked,ਈਰਖਾਲੂ,93,25,False
wide,ਵਿਸਤਰਿਤ,3142,10,False
wilted,ਢਿੱਲਾ,14,109,False
winning,ਜੇਤੂ,2141,4605,False
wobbly,ਪੁਰਾਣਾ,10,1053,False
workable,ਕਰਨਯੋਗ,41,62,False
working,ਕਾਰੋਬਾਰੀ,10637,2892,False
worried,ਫਿਕਰਮੰਦ,2664,146,False
worrying,ਸੋਚਣਯੋਗ,519,9,False
worse,ਬੁਰਾ,3036,5760,False
worshiping,ਪੁਜਾਰੀ,20,138,False
worshipped,ਪੂਜਣਯੋਗ,107,12,False
worshipping,ਪੁਜਾਰੀ,32,138,False
worst,ਨੀਚ,1344,45,False
wounded,ਫੱਟੜ,2590,450,False
wrapped,ਲੁਪਤ,189,40,False
written,ਕਾਗਜ਼ੀ,4982,41,False
wrong,ਗਲਤ,9563,11604,False
yearly,ਸਲਾਨਾ,67,266,False
young,ਕੱਟਾ,6781,41,False
accordingly,ਅਨੁਸਾਰ,1631,26567,False
across,ਪਾਰ,6871,2288,False
actually,ਦਰਅਸਲ,34890,4487,False
advantageously,ਵਧੀਆ,13,66798,False
afterward,ਉਪਰੰਤ,801,4967,False
afterwards,ਉਪਰੰਤ,2783,4967,False
ago,ਪਹਿਲਾਂ,1784,71175,False
along,ਇੱਕਠੇ,9719,354,False
alternatively,ਜਗ੍ਹਾ,674,9560,False
always,ਹਰਦਮ,36822,14,False
anymore,ਹੁਣ,2369,734,False
apart,ਅਲਹਿਦਾ,10014,46,False
around,ਇਰਦ-ਗਿਰਦ,14290,19,False
aside,ਅਲਹਿਦਾ,1449,46,False
attentively,ਸਾਵਧਾਨੀਪੂਰਵਕ,56,64,False
automatically,ਆਪੇ,367,397,False
away,ਦੂਰ,9287,9792,False
back,ਆਵਰਣ,17352,9,False
backwards,ਗੈਲ,59,10,False
badly,ਭੈੜਾ,1038,301,False
barely,ਅਲਪ,206,12,False
behind,ਪਿੱਛੇ-ਪਿੱਛੇ,4811,63,False
beyond,ਅਗਾਂਹ,2530,456,False
certainly,ਪੱਕਾ,5049,2686,False
clearly,ਪ੍ਰਤੱਖ,2225,284,False
collectively,ਇੱਕਠਿਆਂ,213,37,False
comparatively,ਨਾਲੋਂ,78,7017,False
consequently,ਫਲਸਰੂਪ,2102,280,False
considerably,ਨਿਹਾਇਤ,380,19,False
continually,ਮੋਹਲੇਧਾਰ,159,122,False
decently,ਸਿੱਧਾ,29,2409,False
directly,ਬੇਝਿਜਕ,2462,28,False
doubly,ਡਬਲ,20,1030,False
early,ਜਲਦੀ,3786,11953,False
enough,ਬੱਸ,8119,7461,False
especially,ਖਾਸਕਰ,3135,118,False
eventually,ਆਖਿਰਕਾਰ,1947,601,False
ever,ਹਰਦਮ,7909,14,False
finally,ਆਖਿਰਕਾਰ,3922,601,False
firmly,ਅਡੋਲ,364,284,False
forcibly,ਜਬਰਨ,116,59,False
forward,ਅੱਗੇ,2221,211,False
fully,ਖਚਾ-ਖਚ,3549,11,False
gracefully,ਸੱਭਿਅਕ,15,122,False
habitually,ਆਦਤਨ,8,20,False
hardly,ਅਲਪ,655,12,False
immediately,ਛੇਤੀ,8604,9568,False
independently,ਆਜਾਦੀ,448,53,False
instantaneously,ਫੌਰਨ,19,200,False
instantly,ਫੌਰਨ,441,200,False
instead,ਜਗ੍ਹਾ,1646,9560,False
jointly,ਇੱਕਠਿਆਂ,517,37,False
later,ਉਪਰੰਤ,14532,4967,False
lawfully,ਵਿਧਾਨਕ,17,90,False
legally,ਵਿਧਾਨਕ,286,90,False
lightly,ਬੇਵਜ੍ਹਾ,285,74,False
maybe,ਸ਼ਾਇਦ,3191,2335,False
merely,ਸਿਵਾ,675,109,False
mutually,ਪਰਸਪਰ,203,187,False
nearby,ਨਿਕਟ,2682,15,False
nowadays,ਹੁਣ,318,734,False
perhaps,ਸ਼ਾਇਦ,2660,2335,False
possibly,ਸ਼ਾਇਦ,1929,2335,False
properly,ਸਿੱਧਾ,2236,2409,False
quickly,ਸਰਸਰੀ,4679,34,False
quite,ਸੰਪੂਰਨ,16785,1379,False
rapidly,ਫੋਰਨ,1388,10,False
regularly,ਨਿਯਮਤ,1531,1555,False
relatively,ਨਾਲੋਂ,974,7017,False
respectfully,ਬਾਇੱਜ਼ਤ,29,15,False
roughly,ਕਠੋਰਤਾ,227,162,False
safely,ਸੁਰੱਖਿਅਤ,804,10522,False
scarcely,ਅਲਪ,24,12,False
secretly,ਚੁੱਪਚਾਪ,65,115,False
silently,ਚੁੱਪਚਾਪ,91,115,False
simply,ਸਿਵਾ,4022,109,False
slightly,ਕੁੱਛ,1233,47,False
slowly,ਧੀਮਾ,1732,12,False
somewhat,ਕੁੱਛ,654,47,False
specially,ਖਾਸਕਰ,365,118,False
speedily,ਫੋਰਨ,34,10,False
squarely,ਚੌਰਸ,31,11,False
steadfastly,ਇਰਾਦਾਤਨ,15,10,False
subsequently,ਉਪਰੰਤ,1956,4967,False
substantially,ਨਿਹਾਇਤ,222,19,False
suddenly,ਇਤਫਾਕਨ,1682,199,False
surely,ਪੱਕਾ,1137,2686,False
thereafter,ਉਪਰੰਤ,1842,4967,False
throughout,ਸੰਪੂਰਨ,2933,1379,False
tightly,ਖਚਾਖਚ,133,30,False
together,ਇਕੱਠਾ,9047,1399,False
twice,ਡਬਲ,1484,1030,False
unaccompanied,ਇਕੱਲਾ,12,3050,False
undoubtedly,ਯਕੀਨਨ,374,1155,False
unmistakably,ਬਰਾਬਰ,13,5458,False
vaguely,ਅਸਪੱਸ਼ਟ,11,36,False
wildly,ਬੇਹਿਸਾਬ,83,51,False
abdomen,ਪੇਟ,358,3128,False
accused,ਦੋਸ਼ੀ,24251,8914,False
acting,ਨਕਲ,2218,404,False
admiral,ਜਲਸੈਨਾ,117,11,False
aries,ਮੇਖ,29,100,False
arithmetic,ਹਿਸਾਬ,15,1513,False
assembly,ਜਨਸਭਾ,7277,37,False
atmosphere,ਵਾਯੂਮੰਡਲ,2764,149,False
aurora,ਪ੍ਰਭਾਤ,22,60,False
austria,ਆਸਟਰੀਆ,151,110,False
authorities,ਪ੍ਰਸ਼ਾਸਨ,4199,4931,False
awakening,ਜਗਾਈ,51,16,False
bacteria,ਰੋਗਾਣੂ,1135,185,False
begging,ਭੀਖ,73,77,False
beginning,ਆਰੰਭ,5093,2035,False
belly,ਪੇਟ,273,3128,False
binoculars,ਦੂਰਬੀਨ,13,39,False
bounds,ਦਾਇਰਾ,85,140,False
bowing,ਨਮਸਕਾਰ,18,90,False
bubble,ਗੁਬਾਰਾ,99,22,False
cashmere,ਕਸ਼ਮੀਰ,20,5145,False
casing,ਬਾਰ,24,2197,False
cautious,ਗਿੱਦੜ,1077,33,False
channel,ਨਲੀ,740,152,False
characteristic,ਸਿਫਤ,678,398,False
chilly,ਮਿਰਚ,105,1118,False
cleansing,ਸਫ਼ਾਈ,309,553,False
coating,ਲੇਪ,270,102,False
coloring,ਰੰਗ,442,21274,False
colouring,ਰੰਗ,73,21274,False
combining,ਸੰਯੋਗ,135,214,False
come,ਪੁੱਜਣਾ,24905,41,False
compliments,ਅਸੀਸਾਂ,75,57,False
compounding,ਸੰਯੋਗ,20,214,False
computing,ਹਿਸਾਬ,74,1513,False
congratulations,ਵਾਹ-ਵਾਹ,5541,31,False
counseling,ਕੌਂਸਲਿੰਗ,136,95,False
counselling,ਕੌਂਸਲਿੰਗ,150,95,False
covering,ਢਕਣਾ,319,9,False
crossing,ਚੌਂਕ,345,112,False
current,ਕਰੰਟ,3185,256,False
cutting,ਵਾਢੀ,432,193,False
daring,ਲਲਕਾਰ,117,27,False
dawning,ਪ੍ਰਭਾਤ,22,60,False
days,ਟਾਇਮ,13865,56,False
dealing,ਲੈਣਦੇਣ,677,35,False
dealings,ਲੈਣਦੇਣ,58,35,False
diabetes,ਸ਼ੂਗਰ,1097,1051,False
diary,ਡਾਇਰੀ,111,185,False
dictionary,ਕੋਸ਼,51,76,False
doings,ਚਾਲ-ਚਲਣ,15,25,False
dolly,ਪੁਤਲਾ,11,199,False
drawing,ਖਾਕਾ,771,94,False
dreaming,ਡ੍ਰੀਮ,208,36,False
driving,ਚਲਾਉਣਾ,1356,391,False
drubbing,ਥੱਪੜ,26,159,False
dwelling,ਰਿਹਾਇਸ਼,115,597,False
dynamics,ਡਾਇਨਾਮਿਕਸ,66,15,False
earnings,ਫਾਇਦਾ,211,4726,False
eating,ਅਹਾਰ,3267,24,False
economics,ਅਰਥਸ਼ਾਸਤਰ,340,26,False
editing,ਸੰਪਾਦਨ,64,89,False
embracing,ਜੱਫੀ,30,100,False
entering,ਐਂਟਰੀ,556,810,False
equestrian,ਘੋੜਸਵਾਰ,21,21,False
eros,ਕਾਮੁਕਤਾ,11,24,False
ethic,ਨੀਤੀ,15,3780,False
even,ਸੰਧਿਆ,24435,83,False
evening,ਅਖੀਰ,2815,2057,False
fable,ਦੰਤਕਥਾ,14,54,False
falls,ਝਰਨਾ,910,101,False
fanatic,ਕੱਟੜਪੰਥੀ,22,215,False
fastening,ਬੰਦਿਸ਼,52,29,False
february,ਫਰਵਰੀ,22,9,False
feeding,ਅਹਾਰ,460,24,False
feeling,ਸੋਚ,4378,8856,False
festering,ਪਾਕ,15,105,False
filling,ਭਰਾਈ,594,170,False
final,ਫਾਇਨਲ,4418,76,False
find,ਖੋਜਣਾ,13117,14,False
fixing,ਰਿਪੇਅਰ,225,46,False
flora,ਬਨਸਪਤੀ,89,196,False
flying,ਉਡਾਣ,457,946,False
folly,ਨਾਲਾਇਕੀ,28,16,False
freeing,ਮੁਕਤੀ,38,462,False
gambling,ਦਾਅ,122,243,False
gaming,ਦਾਅ,192,243,False
ganges,ਗੰਗਾ,43,390,False
ghat,ਘਾਟ,53,4180,False
giving,ਪ੍ਰਦਾਨ,2952,7000,False
going,ਕੂਚ,30849,137,False
graphics,ਦਸਤਕਾਰੀ,163,76,False
grinning,ਹਾਸੀ,26,19,False
grooming,ਟ੍ਰੇਨਿੰਗ,24,610,False
grouping,ਝੁੰਡ,104,109,False
hanging,ਫਾਂਸੀ,418,837,False
happening,ਵਾਕਾ,5135,11,False
hatred,ਵੈਰ,318,137,False
hawking,ਫੇਰੀ,29,694,False
heading,ਟਾਇਟਲ,511,18,False
headquarters,ਸਦਰ,853,1346,False
hitting,ਧੱਕਾ,288,528,False
humans,ਮਨੁਖ,1757,88,False
hunting,ਸ਼ਿਕਾਰ,148,1507,False
imaging,ਮਨੋਬਿਰਤੀ,50,22,False
individual,ਆਦਮ,3499,76,False
inside,ਅੰਦਰੂਨੀ,3800,4534,False
intermediary,ਵਿਚੋਲਾ,32,23,False
investigating,ਤਫ਼ਤੀਸ਼,4796,320,False
killing,ਨਾਸ਼,1266,51,False
knitting,ਬੁਨਾਈ,74,9,False
kolkata,ਕਲਕੱਤਾ,891,169,False
lacing,ਥੱਪੜ,11,159,False
landing,ਉਤਰਨਾ,349,75,False
learning,ਵਿਦਵਤਾ,2155,24,False
leaving,ਕੂਚ,977,137,False
listening,ਸੁਣਨ,992,1691,False
locating,ਸਥਾਪਨ,14,42,False
looting,ਲੁੱਟਣ,122,184,False
madras,ਤਾਮਿਲਨਾਡੂ,213,1013,False
magnolia,ਚੰਬਾ,10,66,False
mahabharata,ਮਹਾਂਭਾਰਤ,18,13,False
making,ਵਿਸ਼ੇਸ਼ਤਾ,6942,100,False
marching,ਪਰੇਡ,115,712,False
masking,ਢਕਣਾ,16,9,False
masses,ਆਲਮ,184,274,False
mathematics,ਗਣਿਤ,191,352,False
maths,ਗਣਿਤ,26,352,False
means,ਜਰੀਆ,6283,9,False
mending,ਰਿਪੇਅਰ,23,46,False
metropolis,ਮਹਾਂਨਗਰ,76,93,False
misunderstanding,ਸ਼ੱਕ,85,1688,False
mixing,ਮਿਸ਼ਰਣ,255,565,False
mohammed,ਮਹੁੰਮਦ,500,9,False
mourning,ਗਮ,165,90,False
naming,ਕਾਇਮੀ,102,19,False
navy,ਨੇਵੀ,610,211,False
nepal,ਨੇਪਾਲ,1024,1386,False
nest,ਆਲ੍ਹਣਾ,45,36,False
noose,ਫਾਂਸੀ,34,837,False
nose,ਨਾਸਿਕ,1277,93,False
nous,ਅੰਤਰ,8,2718,False
offspring,ਕੱਟਾ,60,41,False
outing,ਪਿਕਨਿਕ,123,118,False
ovary,ਅੰਡਕੋਸ਼,31,10,False
oven,ਭੱਠੀ,332,150,False
papers,ਪੇਪਰ,823,1141,False
parliamentarian,ਸੰਸਦੀ,78,1369,False
parting,ਚੀਰ,49,68,False
peddling,ਫੇਰੀ,44,694,False
pen,ਰਚਨਾ,197,2876,False
people,ਵਸਣਾ,81153,40,False
performing,ਨਕਲ,651,404,False
piping,ਨਲ,17,76,False
pisces,ਮੀਨ,15,32,False
playing,ਨਕਲ,3239,404,False
politics,ਰਾਜਨੀਤੀ,2976,2443,False
positioning,ਸਥਾਪਨ,32,42,False
posting,ਵਿਗਿਆਪਨ,374,611,False
premises,ਵਿਹੜਾ,955,42,False
pretending,ਨਾਟਕ,40,725,False
prior,ਮਹੰਤ,1333,107,False
professional,ਉਸਤਾਦ,4289,86,False
profits,ਫਾਇਦਾ,279,4726,False
quandary,ਚੱਕਰ,36,1529,False
radical,ਧਾਤੂ,233,229,False
rascal,ਚੁਸਤ,9,441,False
readying,ਪ੍ਰਬੰਧ,10,6641,False
reckoning,ਗਣਨਾ,16,464,False
remembering,ਯਾਦ,304,11291,False
repose,ਪਾਉਣਾ,18,1300,False
riches,ਧਨ,21,1160,False
riding,ਘੁੜਸਵਾਰੀ,362,43,False
ringing,ਘੰਟੀ,86,161,False
rising,ਧ੍ਰੋਹ,1939,32,False
rolling,ਘੋਸ਼ਣਾ,192,311,False
rubbing,ਰਗੜ,104,187,False
run,ਚੱਲਣਾ,3085,403,False
rushing,ਕਾਹਲ,99,95,False
sapling,ਬੂਟਾ,40,267,False
saving,ਤਾਰਨ,658,218,False
scabies,ਖੁਜਲੀ,43,347,False
scissors,ਕੈਂਚੀ,50,27,False
screening,ਢਕਣਾ,535,9,False
semen,ਮਣੀ,31,38,False
semifinal,ਸੈਮੀਫਾਇਨਲ,161,65,False
services,ਸਹੂਲਤ,8241,5489,False
setting,ਵਾਤਾਵਰਣ,1085,3174,False
shaping,ਬਨਾਵਟ,111,40,False
shoes,ਥਾਂ,2232,10978,False
signaling,ਸੰਕੇਤ,12,4185,False
singing,ਗਾਉਣ,632,434,False
species,ਕਿਸਮਾਂ,1313,5111,False
sphere,ਮੰਡਲ,398,2624,False
spirits,ਅੰਮ੍ਰਿਤ,172,192,False
spreading,ਵਿਸਥਾਰ,1204,4137,False
sprinkling,ਛਿੜਕਾਅ,16,109,False
stakes,ਸ਼ਰਤ,56,757,False
stealing,ਠੱਗੀ,209,208,False
sting,ਕੱਟਣਾ,49,202,False
striking,ਧੱਕਾ,296,528,False
supervising,ਮੁਆਇਨਾ,42,378,False
swelling,ਸੋਜ,563,720,False
swimming,ਤੈਰਨਾ,678,82,False
tally,ਗਣਨਾ,210,464,False
teaching,ਤਾਲੀਮ,799,45,False
testing,ਇਮਤਿਹਾਨ,1646,566,False
thanks,ਮੇਹਰਬਾਨੀ,5581,18,False
things,ਸਮਗਰੀ,26489,1206,False
thinking,ਅਧਿਐਨ,5295,4675,False
thrashing,ਥੱਪੜ,55,159,False
tracing,ਟ੍ਰੇਸਿੰਗ,119,21,False
transmitting,ਪ੍ਰਸਾਰਣ,25,788,False
trilateral,ਤਿਕੋਣ,23,49,False
twinkling,ਦਮ,12,1906,False
twins,ਮਿਥੁਨ,117,79,False
twisting,ਮਰੋੜ,17,71,False
twitching,ਪਕੜ,12,349,False
umbilical,ਨਾਰ,30,24,False
underwear,ਅੰਦਰਲੇ,132,535,False
untouchable,ਹਰੀਜਨ,13,10,False
upkeep,ਰੋਜਗਾਰ,41,98,False
uprising,ਧ੍ਰੋਹ,21,32,False
upshot,ਛਾਪ,12,179,False
us,ਅਮੈਰਿਕਾ,35209,11,False
using,ਸ਼ੋਸ਼ਣ,7690,497,False
values,ਵਿਚਾਰ,763,25281,False
vegetarian,ਸ਼ਾਕਾਹਾਰੀ,80,89,False
vending,ਫੇਰੀ,40,694,False
vocabulary,ਸ਼ਬਦਾਵਲੀ,89,94,False
votary,ਸ਼ਰਧਾਲੂ,12,385,False
wages,ਫਲ,229,3895,False
waiting,ਇੰਤਜ਼ਾਰ,2248,970,False
waking,ਜਾਗ੍ਰਿਤ,106,11,False
warning,ਤਾੜਨਾ,1151,228,False
wearable,ਡਰੈਸ,22,57,False
wellbeing,ਭਲਾ,149,1301,False
wing,ਉੱਡਣਾ,754,21,False
woods,ਬੀੜ,90,62,False
wording,ਸ਼ਬਦਾਵਲੀ,33,94,False
words,ਫਸਾਦ,4674,18,False
writing,ਲੇਖਨ,2309,28,False
years,ਟਾਇਮ,461,56,False
yes,ਹਾਮੀ,7153,171,False
acquire,ਸਿੱਖਣਾ,493,978,False
appear,ਉੱਠਣਾ,1930,45,False
believe,ਮੰਨਣਾ,10372,2525,False
buy,ਖਵਾਉਣਾ,4189,12,False
consider,ਮੰਨਣਾ,9684,2525,False
develop,ਨਿਕਲਣਾ,1779,413,False
energize,ਜਗਾਉਣਾ,12,12,False
establish,ਚਲਾਉਣਾ,701,391,False
except,ਛੱਡਣਾ,699,687,False
expose,ਦਿਖਾਉਣਾ,121,224,False
extinguish,ਬੁਝਾਉਣਾ,24,14,False
fasten,ਖਿੱਚਣਾ,33,157,False
fell,ਸੁੱਟਣਾ,2216,64,False
follow,ਦੇਖਣਾ,5315,1845,False
frighten,ਡਰਾਉਣਾ,60,1634,False
furnish,ਦੇਣਾ,68,8883,False
get,ਚਲਾਉਣਾ,34733,391,False
give,ਦੇਣਾ,12345,8883,False
go,ਚੱਲਣਾ,17252,403,False
happen,ਆਉਣਾ,11901,2613,False
identify,ਦੱਸਣਾ,1571,1292,False
impose,ਵਸੂਲਣਾ,267,9,False
improve,ਵਧਾਉਣਾ,3133,583,False
interfere,ਪੈਣਾ,364,906,False
keep,ਰੱਖਣਾ,10652,6816,False
know,ਪਹਿਚਾਨਣਾ,50448,87,False
leave,ਨਿਕਲਣਾ,4563,413,False
let,ਦੇਣਾ,6308,8883,False
lose,ਰਹਿਣਾ,2995,4794,False
lower,ਉਤਾਰਨਾ,2343,28,False
make,ਬਣਾਉਣਾ,26573,4228,False
molest,ਤਾੜਨਾ,11,228,False
rave,ਬੋਲਣਾ,54,515,False
recognize,ਮੰਨਣਾ,807,2525,False
remove,ਮਿਟਾਉਣਾ,2710,133,False
replace,ਬਦਲਣਾ,607,1282,False
resemble,ਪੈਣਾ,86,906,False
ripen,ਪਕਾਉਣਾ,25,439,False
save,ਬਚਾਉਣਾ,3439,409,False
say,ਬੋਲਣਾ,15941,515,False
see,ਭੁਗਤਣਾ,20409,134,False
separate,ਖੋਹਣਾ,2839,14,False
settle,ਬੈਠਣਾ,393,185,False
sing,ਗਾਉਣਾ,382,66,False
subdue,ਦਬਾਉਣਾ,8,67,False
take,ਆਉਣਾ,27427,2613,False
tighten,ਖਿੱਚਣਾ,73,157,False
unite,ਲੱਗਣਾ,223,170,False
weary,ਹਾਰਨਾ,89,168,False
